static const char kernel_config_data[] __used = MAGIC_START
	"\x1f\x8b\x08\x00\x00\x00\x00\x00\x02\x03\x94\x3c\x4b\x73\xdb\x38"
	"\x93\xf7\xf9\x15\x2c\xcf\x1e\x76\xab\x76\x12\xcb\x0f\x25\xae\x2d"
	"\x1d\x40\x12\x92\xb0\x22\x09\x86\x00\x25\xd9\x17\x96\x2c\x2b\x19"
	"\x57\x64\x3b\x9f\x2c\x67\x92\xfd\xf5\xdb\x0d\xf0\x01\x90\x20\xe5"
	"\x6f\x0e\x53\x51\x77\xa3\x01\x74\x37\xfa\x05\xd0\x7f\xfe\xf1\xa7"
	"\x47\xde\x8e\x2f\x4f\x9b\xe3\xe3\x76\xb3\xdf\xff\xf6\xbe\xed\x9e"
	"\x77\x87\xcd\x71\xf7\xe0\x7d\x7d\xdc\xef\xfe\xc7\x0b\xb9\x97\x70"
	"\xe9\xd1\x90\xc9\x0f\x40\x1c\x3d\x3e\xbf\xfd\xfa\xb8\x39\x3c\x8d"
	"\xaf\xbc\xab\x0f\x37\x1f\x46\xa3\x4f\xde\x62\x77\x78\xde\xed\xbd"
	"\xe0\xe5\xf9\xeb\xe3\xb7\x37\x18\xfc\xf8\xf2\xfc\xc7\x9f\x7f\x04"
	"\x3c\x99\xb2\x59\x41\xb2\x78\x7c\x35\xf9\x5d\xfd\x1c\x5f\xf9\x4c"
	"\x36\x3f\x49\x16\xcc\x8b\x74\x7e\x2b\x0a\x12\x86\x59\x21\xdb\xf8"
	"\x38\xce\x9b\x1f\x21\xf5\xf3\x59\x91\xf1\x90\x48\x62\xb2\x80\x09"
	"\x8a\x94\xcc\x68\x21\xe6\x6c\x2a\x27\xa3\x0b\x1b\x05\x3f\x64\x89"
	"\xba\xb2\xe6\x8d\x63\x92\x16\x59\x12\x16\x30\xa5\x28\x62\x96\x4c"
	"\x46\x9f\x87\x08\xc8\x7a\x72\xd1\xc3\x21\xe0\x71\x4a\xa4\xc1\x68"
	"\xf4\x0e\x3a\xe0\x37\x1a\x57\x74\x09\x2f\x18\x4f\x79\x26\x01\x9e"
	"\x36\xbb\x13\x92\x04\x0b\x99\x91\x00\x76\x97\xa7\x88\x6f\x70\x2c"
	"\x8a\xe8\x8c\x44\x45\xca\x59\x22\x69\x56\x2c\x49\x94\xd3\xc9\xf9"
	"\xaf\x87\xdd\xe6\xe1\xdc\xf8\xaf\xa2\x8f\x78\xb0\x08\x69\xda\x65"
	"\xa4\xf9\xb3\xec\xcb\x34\x22\x33\xd1\xc5\x67\x2b\x41\xe3\x62\x1d"
	"\xcc\x67\xa0\xa5\x82\x44\x33\x9e\x31\x39\x8f\x1b\x82\x19\x4d\x68"
	"\xc6\x82\x02\xf4\xe3\x04\x16\x19\x8d\x88\x64\x4b\x5a\xad\x55\x74"
	"\xc9\xe6\x2b\xca\x66\x73\xd9\x45\x04\x22\x77\x4c\x15\x90\x88\xf9"
	"\x19\x91\x14\xcc\x22\x22\xb7\x0d\xc1\x1d\x4f\x00\x16\x1b\x16\x32"
	"\x27\x30\x71\x35\x2e\x0b\xf2\x62\x96\xa7\x2d\x13\x04\xfa\x1e\x0b"
	"\x4c\x28\x0d\x15\x1a\x55\x08\xda\x90\xb4\x85\x13\x33\x85\x8e\x68"
	"\x32\x93\x73\x43\x71\xb1\xa9\xc5\x15\xe3\x32\xf2\x0d\xd5\x71\xb0"
	"\xec\x62\x4e\xa3\x94\x66\x0d\x74\x41\xb3\x84\x46\x45\xcc\x43\x0a"
	"\xbc\x79\xd2\x60\xa6\x6c\x5d\x50\x92\x45\xb7\xf0\xbb\x88\xa9\x21"
	"\x8f\x74\x26\x89\x1f\x51\x98\x7f\x49\x23\x31\xb9\x6c\x0e\xcb\xb4"
	"\x52\x3b\x13\x72\x72\xf6\x71\xff\x78\xff\xf1\xe9\xe5\xe1\x6d\xbf"
	"\x7b\xfd\xf8\x1f\x79\x42\x62\x8a\x5a\xa1\x44\xd0\x8f\x1f\xb6\xea"
	"\xec\x9e\xd5\xab\xcb\xbe\x14\x2b\x9e\x2d\x9a\x59\xfc\x9c\x45\xa1"
	"\x64\x30\x86\xae\xf5\x7c\xc2\xb6\xa0\x79\x46\x49\x58\xb0\x64\x0a"
	"\x66\x9c\x14\x92\x08\x1c\x0c\x5e\xe0\x4f\x6f\xa6\x3c\xca\xde\x7b"
	"\xdd\x1d\xdf\x7e\x34\x7e\x81\x25\x4c\x16\x34\x59\x82\xfc\x71\x89"
	"\x31\xc8\xfc\xb2\x3e\xb8\x41\xc6\x85\x50\x87\x85\x45\x74\x72\xb6"
	"\xd9\x1c\xb6\x7f\x8f\xaf\xfe\xda\xa3\xf7\xf9\xeb\xdb\xf3\xdb\x5f"
	"\x67\xc0\xb8\xa2\xd5\x54\x85\xa4\x42\x7a\x8f\xaf\xde\xf3\xcb\x11"
	"\xe7\x32\x8c\x9e\x44\x4b\xb0\x38\x06\xf2\x3c\x33\xc6\x99\x88\x82"
	"\xe4\x92\x3b\x06\x83\x10\x49\x1e\xc9\x62\xce\x85\x44\x89\x4d\xce"
	"\xfe\xf3\xf9\xe5\x79\xf7\x5f\x67\x8d\x62\xd5\x61\xad\x99\x8a\x5b"
	"\xb1\x64\x69\x60\xb2\xaa\x71\x29\x17\xa0\xc5\xf8\x4b\x4e\x73\xea"
	"\x98\x4b\xef\x19\x74\xcb\xb3\xdb\x82\x48\x38\xf7\x73\x93\xf3\x74"
	"\x4e\x92\x30\xa2\x4e\xce\xb9\xa0\x70\x18\x1c\x3c\x49\x1e\x9a\xb6"
	"\xac\x0e\x82\xb2\x77\x85\x80\xc5\x82\x08\x22\xe3\x28\xf4\x43\x8b"
	"\x15\x91\xc1\xbc\x0d\x94\x19\xa5\x95\x9e\xc1\x68\xbc\xd7\xb7\xfb"
	"\xd7\xdf\xaf\xc7\xdd\x53\xa3\xe7\xea\xdc\xa1\x4d\xa5\x19\xf7\x69"
	"\xf7\x28\x23\x4a\xcc\xf9\xaa\x1f\xa3\xad\xdb\x8d\x8f\xd9\x0c\xdc"
	"\x00\x33\x4f\xcb\x9c\x64\x21\xa0\xc0\x93\xad\xc0\xc6\x05\x4d\x42"
	"\xe3\xe4\xc1\x90\x90\xc7\x84\x25\x2e\x58\x31\x67\x34\x43\x09\xdd"
	"\x9a\xdc\x50\xf0\x15\x01\xd0\x3a\x07\xaa\xe0\x64\x63\xa6\x3c\x0b"
	"\xc0\x41\xe8\xb3\xc1\x12\x03\x2b\x52\x92\x09\x6a\xf3\x52\x7a\x09"
	"\xd0\x47\x0b\x9e\xc3\xc0\xc2\x0e\x73\xd5\x96\xd5\x21\x5c\x76\x94"
	"\x54\xbb\x45\x64\x00\xc2\x4a\xa4\x68\xb1\x9e\x13\x01\x83\x83\x45"
	"\xe1\x67\x9c\x84\x01\x11\x72\x70\xb4\x45\xa6\x14\x2c\x1f\x9f\x76"
	"\x87\x57\x97\x8e\x15\x5b\x70\xbb\xa0\x2a\xd3\x73\xf2\x62\x7e\x87"
	"\xc7\x33\x56\xba\xa9\xad\x15\x80\xe0\xf5\x18\x0f\x59\xe0\x30\x59"
	"\x3d\x8a\x81\xc4\xcd\x31\x1a\x3a\xcd\xa3\xa8\x6f\x88\xa1\x2f\x08"
	"\x23\xa8\x76\x25\x2a\x15\x69\xd4\xf2\x83\x34\xff\x28\x37\xaf\xdf"
	"\xbd\x23\xec\xc3\xdb\x3c\x3f\x78\xaf\xc7\xcd\xf1\xd5\xdb\x6c\xb7"
	"\x2f\x6f\xcf\xc7\xc7\xe7\x6f\xad\x0d\xc1\x80\x82\x04\x01\xcf\x13"
	"\xa9\x95\x57\xaf\x66\xc9\x20\x4c\xdb\x68\x14\xa1\xf3\x6c\xa2\x21"
	"\x28\x9d\x35\xb4\x8e\x2d\x88\x60\x0e\x96\xb2\x22\x91\x34\xe7\xf1"
	"\x45\x88\x67\x26\xa0\xe0\x18\x60\xb8\xcb\xbd\xa1\xa7\xc5\xa8\x64"
	"\x68\x1b\x41\x3a\x28\xaa\x41\x2d\xc4\xda\x01\x63\xdc\xde\xa8\x92"
	"\x17\x04\x4a\x4f\x74\x75\x9d\xc2\x91\x8f\x53\x89\x71\xd4\x5c\x2a"
	"\x86\x55\xba\x06\xbd\xba\x16\x29\x5a\xc4\x6a\xd1\x38\xc4\x41\x8b"
	"\x8c\x60\x43\x51\xe4\xb0\x1c\x74\x37\x8a\x40\x25\x2c\x4e\x71\x57"
	"\xeb\x00\xef\x44\x0b\x9f\x73\xd7\x72\x54\x30\x83\x1c\x2c\xb9\x08"
	"\x8c\x03\xbb\xd0\xff\xe8\x42\x94\x0a\x1a\x70\xc4\x91\xc3\xb4\xcc"
	"\x28\x2f\xce\x4d\x38\xda\x04\xa4\x75\x06\xbe\x49\x46\xab\x33\xa6"
	"\x55\xad\x4e\x5a\xeb\x84\x96\x79\x97\x28\x92\x1c\x12\x0a\x9f\x44"
	"\x24\x09\x2c\xb7\x31\xcf\x09\x24\x49\xb8\x2d\x21\x8b\x05\x33\xcf"
	"\x7f\x30\xcb\x78\x9e\x8a\x36\xa0\xed\x96\x4a\xe8\x14\x04\x79\xa7"
	"\x32\x8f\x26\x8c\x6a\x4c\xca\x42\xe1\x0a\x4e\x1a\xcb\xb8\x8e\xd4"
	"\xdd\x71\x21\x5d\xb2\xc0\x19\xd6\x52\x88\x4e\xa6\x79\xa2\x34\x71"
	"\x9a\x12\xd3\x59\x1b\x80\x6d\x13\x2d\xe1\x4a\x6e\x32\x4f\x8c\x00"
	"\x32\x5f\x55\x48\xcc\x56\x40\x54\x9a\x5f\xbd\x36\x08\xa6\x81\xeb"
	"\xb4\xf9\xd1\xa2\x1c\x68\x52\xeb\xf2\xa2\xc1\xf5\x8b\x41\x2d\xc5"
	"\x48\xce\x08\xcb\x0a\x1b\xd3\x88\x67\x0a\x9e\x14\x02\xc8\x8a\x85"
	"\x72\xee\x32\x77\xd9\x3b\xb2\x54\x08\xcd\xa6\xfd\x2b\xf1\xd3\xa9"
	"\x11\x55\x78\xb0\xa8\xf5\xa1\x83\x47\xc3\x6d\x4e\x83\x85\x4a\xbe"
	"\xd1\x35\x4a\x9e\xb9\x8f\x0f\x26\x39\x10\x9c\xc0\xe3\x38\xd1\xda"
	"\x76\x31\x59\xea\x93\x90\xa6\xb0\xd5\x54\x65\x51\xa0\xee\x02\x0f"
	"\xc1\x0c\x1c\xd3\x8a\x64\xb4\x95\x38\x81\xa4\xa0\x3a\xc9\x68\x00"
	"\x39\x76\xe8\x3e\xdc\xe8\xd4\x7a\xf4\x09\x06\xa8\x72\xca\xcc\x8c"
	"\xf5\xf8\x9b\xc4\xc0\x58\x87\x54\xcc\xff\x2a\x56\x61\x31\xbb\x63"
	"\x96\xfe\x01\xe4\x03\xe8\xc2\x3d\x75\x58\x44\x77\x31\xe9\xc3\xad"
	"\xef\xfa\x47\xf1\x7e\xd4\x95\x4b\xb3\x41\xc1\x53\x88\x18\xec\x8e"
	"\x62\x06\xa1\x0c\x80\x67\x31\xf8\x02\x4b\x60\x6d\x32\x01\xff\x70"
	"\xe9\x03\x12\x05\x69\x26\x73\x09\x64\xbb\x2c\x81\x0a\x43\xb4\xf2"
	"\xc2\x9c\x85\xa3\xb1\x61\x4c\x6a\x20\xf8\xd2\x80\xa6\x98\x5d\x69"
	"\x9f\x6b\x54\x04\xa6\xe5\x69\xcf\xdf\xfc\x6e\xf1\x8a\x41\xfb\x0c"
	"\xb4\x6f\x39\x1c\x31\xa3\x32\xc6\xe8\x53\xe6\x32\xee\xc5\xa3\xee"
	"\xda\xb9\x4e\xb9\xb4\x0e\x7c\x01\xbf\xc4\x6d\x2c\xba\x90\x42\xd3"
	"\xd5\x73\x37\x70\x5f\xf0\x28\x87\x50\x01\xeb\x07\xc7\xe3\xd4\x54"
	"\x4d\xec\x43\xad\x54\x57\xb2\x8e\xe5\xa6\x19\x1c\x2f\xab\x68\x32"
	"\x3c\x2f\x8d\xa6\x10\xd1\x32\x53\x82\xc8\x0e\x53\x1a\xc3\x93\xc0"
	"\x52\xd6\xc6\x98\x94\x5b\xfb\x66\xb3\x84\x44\x53\xc3\xc0\x55\x86"
	"\x63\x02\x54\xee\x66\x02\x40\x4d\x0e\x01\xce\xad\x12\x92\x30\x6e"
	"\xfc\x08\x97\x0c\xd6\x55\x8e\x11\xa6\xd4\x50\x83\xea\x24\x4f\x43"
	"\xc7\xee\x81\xa5\x4f\xb2\x8c\x99\x05\x2d\x80\x68\x18\x9a\xbe\x52"
	"\x99\x1a\x9a\x74\x51\x27\xa9\x2a\xdb\x28\x9b\x48\xe9\xee\xf0\xf5"
	"\xe5\xf0\xb4\x79\xde\xee\x3c\xfa\x73\xf7\x0c\xf9\x19\x81\x4c\x2d"
	"\xc0\x0c\x0d\x92\x4f\x23\x0d\xb1\x58\xb4\x7c\xb8\x42\xa2\xb7\x59"
	"\xc6\xb0\x07\xee\x4a\x33\x97\xb1\x1e\x5d\xa8\xb4\x47\xa7\x89\x8d"
	"\x69\x46\xb9\xaf\x59\xb9\xce\x67\xd9\xc2\x51\xe5\xb1\x31\x84\xb8"
	"\x0a\x30\xe4\x64\x93\x71\x37\x19\xf1\x55\x50\xc6\x5a\xbd\xc8\x20"
	"\x5e\x70\x43\x3f\x6a\x39\x98\x5a\x40\xd5\x20\x19\x89\x5a\x7e\x53"
	"\xd2\x58\xb9\xfb\x02\x8a\x59\x36\x65\x81\x2a\x86\x9c\xe6\xc9\xa7"
	"\x2c\xb2\x12\x0a\x75\xa6\x55\x54\x30\x0f\x8d\x2a\xd3\x2c\x81\xfc"
	"\x6f\x1e\xa7\x05\xac\x91\x46\xee\xfa\x53\x8f\x70\xe2\x94\xc2\x55"
	"\x4f\x05\x0e\x21\x18\x30\xc6\x8f\x00\x33\x5a\xc7\x0a\x15\x2d\x9d"
	"\xc2\x1e\x18\xaa\x26\x4f\xec\x11\xc6\x12\x33\x2a\xeb\x55\x9a\x83"
	"\x17\x6e\x68\x1f\xb9\x4a\xbb\x94\x10\xe6\x9c\x2f\x5a\x48\xec\xea"
	"\x60\xef\x90\xcd\x72\x9e\x3b\x1a\x56\x02\x64\x82\x75\x4a\x59\xe0"
	"\x39\xaa\x53\x44\xe2\x11\x2e\x20\x2f\x31\x5b\x4e\x8a\x7d\x46\x67"
	"\xe0\x7f\x92\x50\xb7\xf8\xca\x2d\x16\x24\x65\x2d\xba\x20\x72\x2d"
	"\x0c\xe8\xda\xb9\x9d\xc2\x41\x4a\xe4\xc3\x6a\x74\xa8\x77\x1d\x3b"
	"\x9c\xd6\x05\xc7\xc3\x5d\x2e\x25\xcc\xe3\xd4\x25\xa8\xc6\x0a\xda"
	"\x5b\xc1\x94\x5c\x75\x85\xa6\xba\x21\x60\x0d\x2d\x75\x28\x64\x96"
	"\x07\x52\x35\x6a\xdb\x3b\x8c\x53\xec\x2d\xea\x8e\x4c\x0f\x2e\xe4"
	"\xb9\x1f\xd1\x56\xc2\xbc\x22\xea\x00\xab\xf3\xc8\xd2\xa0\xd0\x55"
	"\x75\xd5\xec\x71\xec\x40\xd0\x00\xc9\x0b\x38\x07\xd2\xf4\x53\x7d"
	"\x70\xdd\x39\x84\x50\x9b\x46\xf9\x8c\x25\xd6\x99\x30\xc0\x7d\xa6"
	"\x0c\x14\x4a\xa2\x60\x7b\x92\x06\x90\x74\x19\x49\xad\x03\x65\xc6"
	"\x76\x1b\x09\x25\x6e\xe2\x4e\xd8\xba\xa4\xa0\xe0\x3c\x22\x99\x3b"
	"\xb3\x68\xd1\x82\x4e\xb8\x5d\xda\x46\xce\x3e\x98\x5d\x9e\x00\x0d"
	"\x58\x25\x31\x1d\x09\x82\x70\x8d\x2d\x56\x9a\xac\x57\x3c\x70\xb8"
	"\xe8\x5a\xaa\x03\xb8\xb0\x0b\x1d\x44\xf7\x54\xd9\x2d\x2a\x47\x7d"
	"\xdd\x73\xc8\x13\xec\xba\xa0\x5f\x99\xe7\x33\xea\x30\x43\xdd\x25"
	"\x01\x1c\x86\x8d\xf6\x01\x88\x79\x58\x4a\x21\xa5\x01\x7a\x59\x23"
	"\xbb\xe1\x61\x1e\x51\xa1\xd3\xdb\x68\xaa\x32\x04\x47\xef\x45\xa1"
	"\x94\x67\x87\x4c\xcd\x35\xb5\x75\xdb\xd0\x62\x60\xe3\x9a\x6b\x0a"
	"\xc7\x68\xe3\x8a\xa1\x8f\x89\x49\x32\x1a\xb5\x7c\x75\xb5\xe0\xb9"
	"\xbb\x9d\x21\xa0\x32\xcd\x95\x9f\x72\x59\x58\x84\xcd\x77\x1f\xd4"
	"\x09\xf9\x7d\x68\xcc\xcf\xa1\xe0\x86\xf4\x45\xe4\x20\xbe\x24\xbc"
	"\x34\xce\x81\x5e\x4a\x89\x27\x41\xd9\xc8\x6b\xec\x1b\xf4\x9f\x70"
	"\x23\x28\x4c\xa7\x03\x71\x46\xad\x7d\x59\x76\xea\x83\x85\x49\xa8"
	"\x7b\xd1\x01\x5f\xfe\x75\xbf\x79\xdd\x3d\x78\xdf\x75\xc2\xf1\xe3"
	"\xf0\xf2\xf5\x71\xaf\x9b\x3f\xc6\xd1\xe6\xcb\xb2\x19\xdf\x77\x18"
	"\x50\xa3\x8a\x4c\x47\x55\x5a\x58\x09\x96\x75\xe3\xa0\xe3\xc8\x9c"
	"\xa2\xed\x19\x77\x2a\x12\xd2\x62\x30\x7f\x33\x26\xa9\x8c\x50\x60"
	"\xce\x32\x39\x6f\x59\x97\x55\xd6\x2a\x90\x6e\x2f\x82\xd3\x24\xce"
	"\x6c\x4c\xd3\xe4\x09\xe2\x7b\x07\x6b\xb4\x7b\x78\xe9\x46\x45\xdb"
	"\xd0\xb1\x9b\x53\xb7\xcd\xed\xb4\xba\x22\x60\x33\xa7\x8a\x4a\x34"
	"\xaa\x3c\x6b\x25\x00\x46\x8b\x87\xc5\xb0\x2c\x38\x4b\x61\xb1\xc0"
	"\xac\xbb\x77\x6f\x42\xb7\x83\x22\x08\xdc\x66\x6c\xf5\xcb\xc6\x4a"
	"\xd3\x44\x2b\x8b\x43\x5f\xb8\x57\x65\xe0\x5b\x4d\xf4\x0e\x09\x5e"
	"\x5d\xcd\x32\x26\x87\x6a\x50\x48\x06\xb8\x94\x51\xab\x63\xa8\xba"
	"\x0a\x71\x08\x60\xaa\xa3\x54\xe6\x96\x90\x5c\x28\xd2\x6c\xd5\x64"
	"\x6b\x1d\x23\x4e\x37\x87\xe3\x23\x5e\xb2\x7a\xf2\xf7\x8f\xdd\xab"
	"\x69\xb8\x2a\x41\x54\xd5\x1a\xa4\xf1\x58\x31\x3a\x75\x2b\x42\x2e"
	"\x1a\x52\x23\x5b\x9f\x32\x17\x58\x49\xb4\x3c\xa8\x75\xb3\x9f\x7b"
	"\x62\xfb\xf7\x0e\x6f\x93\xcc\xac\x9c\x71\x5d\xff\x27\x9c\xa7\xe6"
	"\x65\x97\x86\x86\x90\x25\xa1\x04\xba\x98\x60\xfa\xc5\x6e\x9a\x7c"
	"\x29\xaa\x86\x93\x22\x70\x0a\xab\x6a\x2b\x54\x6c\x07\xee\x6f\x5a"
	"\xfc\x2b\x30\x2e\x73\x60\x54\x39\xf9\xe4\x6c\xfb\xf5\x5f\x75\xe3"
	"\x80\x88\x64\x64\x14\xba\x09\x4b\x94\x52\x45\xca\x12\x75\x9c\xfa"
	"\xbb\x7a\x44\x82\xeb\x0f\x8a\x2c\x5e\x99\x95\x31\xb8\x00\x3d\x18"
	"\x94\xc6\x57\x89\x99\x7d\xe8\x6b\xd7\x1e\xa4\x52\x4a\x0f\x0e\x92"
	"\xc0\x25\x4b\x3b\x79\x29\x80\x99\x6a\xbc\x54\xd7\x75\xaa\x91\x68"
	"\x54\x9f\x75\x57\xd0\x74\x63\x11\x14\xbb\x69\x79\xf9\xa3\x74\x4f"
	"\x9f\x37\xf7\xfb\x9d\x17\x3d\xfe\xdc\xfd\xd8\x1c\xb7\x7f\x37\xea"
	"\x37\x49\xdb\x20\xed\x91\x2b\x1e\xe9\x7e\x73\xc4\x42\x0f\xc4\xbe"
	"\xdf\x6d\xcb\x17\x03\xb5\x7e\x4a\xb9\x25\x6b\xe6\x54\xbc\xbe\xc1"
	"\x8a\x52\xd6\x93\x13\x29\xbc\x1f\xc4\x17\x9f\x2f\xaf\x07\x09\x20"
	"\x69\xcc\x78\x30\x40\x42\x33\x50\xee\x00\x3e\x0b\x62\x21\xfd\x7e"
	"\x02\xba\xbe\x4d\xb8\xe8\xc7\x47\xe4\x16\x3c\x69\x40\xd2\x81\x8d"
	"\x44\xb3\xd1\xa2\x1f\x3b\x67\x62\x40\x48\x31\x0d\x19\x91\xd4\x3d"
	"\x3e\x26\x48\x21\xc7\x9f\xae\x3f\x0f\xe3\xc7\xd7\x2e\x2f\x52\x63"
	"\x47\x56\x08\xa8\xc0\x9f\x6e\x86\x98\x5e\xde\x8c\x3f\x0d\xe2\x3f"
	"\x7f\x1e\xc4\x7f\x1e\x8d\x2f\x87\xf1\x9f\x2e\x87\xc4\x22\xf8\x80"
	"\x5a\xe3\x25\x14\x56\xfd\xe8\x2f\xe0\x0a\xfb\xb1\x60\x50\x8b\x60"
	"\xce\xd2\x7e\x0a\x41\x09\x04\x88\x01\x8d\x43\xa2\x40\x05\x19\x30"
	"\x1b\x48\xdb\xa1\xc8\x5f\x8f\xce\xfb\x49\x30\x50\x91\x01\x0e\x69"
	"\x16\x0e\x0c\x9e\xe7\x49\xd8\x13\xa2\x14\x01\xb8\xbd\x14\x6f\x4a"
	"\xfb\x29\x96\x74\xdd\x1f\xe4\x35\x45\x1e\x05\x64\x40\x0b\x6b\xcc"
	"\x9f\xfa\xd1\x77\xeb\x01\xdc\x6d\xf2\x25\x4e\x3b\x81\xd3\x7f\xc3"
	"\xdb\xcb\x1f\x3f\x5e\x0e\x47\x2b\x68\x06\xee\x13\x04\xf0\xf2\x72"
	"\x57\x9c\xc2\x57\xb9\x5e\x2f\x9d\xa3\xc7\x69\xb6\xbd\xa6\xbb\xcd"
	"\xf1\xed\xa0\x62\xb9\x02\x93\x2c\xf6\x76\x87\xc3\xe6\xb8\xf1\xfe"
	"\x79\x39\x7c\xdf\x1c\x5e\xde\x9e\x1f\x5e\xbd\x9f\x8f\x1b\xef\xf8"
	"\xf7\xce\xdb\xec\x8f\x30\x6e\x73\x04\x0f\xfc\xea\x7d\x3d\x6c\x9e"
	"\x76\x48\xd5\x7a\x73\x55\xd0\x0c\xac\x24\x8f\x8b\xcf\x17\xe3\xcb"
	"\xd1\x4d\xfb\xc1\x54\x83\xfd\x34\x88\xbd\x3a\x1f\xf7\x63\x47\x37"
	"\x57\x9f\x2e\x7a\xb1\x97\x17\xe7\x9f\xae\x7b\xb1\x57\xd7\x9f\x06"
	"\xe6\xbd\xba\xbc\x1a\xc0\x5e\x5f\x7f\xfe\x64\x16\x11\x64\xc9\x00"
	"\x5c\xa1\x2f\x2e\x2e\xcd\x79\xdb\xd8\xcb\xd1\xf5\x55\x3f\xf6\xd3"
	"\xd5\xb5\xd1\xb9\xc6\xb3\x5e\x7c\x09\xa7\x20\x86\xf3\x9a\xe6\xfc"
	"\x7c\xdc\xd9\xd6\xd5\x42\x75\x36\xac\x3c\x5d\x63\x46\xe3\x12\xd5"
	"\x63\xaf\x48\x33\xbe\x72\xd0\x58\x14\x4b\xa2\x1f\x8d\x5d\xde\x74"
	"\x67\xa8\x70\x57\x9f\x4f\x0d\x9f\x5c\xde\xd8\xa5\x95\x8f\x69\x5f"
	"\x02\x41\x22\xe9\xbd\xcb\x89\x03\xab\xdf\xa8\x60\x22\x76\xdd\xab"
	"\x26\x99\xba\xd3\x9b\x34\xd5\x29\x97\xd8\x21\x41\xa8\x75\x99\x9f"
	"\xf7\x5c\xa4\x54\x77\xcb\xbd\xdd\x8e\x8a\x60\xc9\x23\x28\xf5\x49"
	"\x76\xeb\x6c\x73\x2a\x1a\xf3\xc2\x51\x0f\x52\xed\x81\xd6\x43\x84"
	"\xd1\xf9\xb9\xab\x3b\x71\x57\x5c\x5c\x9f\xb7\x48\x2f\xcf\xdd\xee"
	"\x56\x73\x71\xb3\x99\x00\x1b\x5b\x9a\xf3\x0c\xdf\x16\xf4\xa5\x88"
	"\x65\xfb\x1a\x2c\x41\xf5\xad\x1d\x5d\x84\x39\xc7\xca\x47\xbf\x12"
	"\xc2\x77\x62\x51\x9b\x95\xaa\x2e\x00\x0f\x6a\x25\xdd\x8e\x59\x83"
	"\x2e\x93\xdc\x36\x9e\x46\x34\x90\xd5\x2b\xa4\xd6\x04\x4d\x89\x9d"
	"\x4e\x13\x7c\x6d\xc8\xec\xe4\xd2\xee\xc9\x37\x0d\xea\x66\x7f\xd8"
	"\x5d\x91\x91\x3f\x15\xae\x46\x9e\x6a\xbd\xa4\x31\x58\xd7\x9c\x64"
	"\xd4\xb1\xf7\x00\x62\x3b\xe6\xa3\x98\x6e\x5b\x3d\x94\xc1\x55\x37"
	"\x5b\x8e\x49\x92\x13\xeb\x1a\x24\x63\xc9\xa2\x1c\xe6\x18\xd0\x6e"
	"\x01\x69\xf6\xa9\x7a\x51\x24\x5d\x13\xd0\x35\x94\xa4\x31\x75\xa1"
	"\x96\xf0\x3f\xec\x4b\xb4\xb5\xd2\xa1\xe8\x4e\xea\xdb\x45\x45\xc2"
	"\xd5\xbb\x06\x6b\x7d\xe5\xd2\x98\xe0\x11\x69\x77\x50\x14\x9b\x72"
	"\x84\x7e\xa0\x87\xb7\x7f\xae\xe3\x9e\x46\x4c\x16\xa9\xd4\xe5\x1e"
	"\x1e\xe4\x2b\xab\x4b\x13\xd8\x65\xa1\xe3\xdd\x95\xeb\x21\x6f\x53"
	"\x02\xc3\xf1\xeb\x79\xb4\xb1\x10\xf1\x40\x19\xa6\xe4\x16\xb3\x44"
	"\x71\x9e\x5c\x9d\xdf\x8c\xcd\x76\x41\xb7\xad\xe7\xee\x93\x46\x14"
	"\xea\x61\x34\x20\x27\x7a\x9a\x71\xb0\xda\x15\x71\x5e\xfa\x9b\x6f"
	"\x49\xd5\xeb\xd2\x98\x2f\x55\xb7\x5b\x63\x9a\x39\x62\xd2\xbd\x35"
	"\xea\x62\xa7\xc2\x3d\x09\x18\x3a\x25\x62\x62\xf4\xe3\xee\x52\xce"
	"\xdd\x37\x2e\x77\x7e\xee\x2a\xed\xef\x44\xdc\x72\x1c\xd5\xf3\x50"
	"\x90\x61\xda\xea\x49\x54\xc4\xea\x55\xab\x83\x59\xd5\xbf\x52\xef"
	"\x4e\xa1\x18\x06\xd3\xb6\x1f\x3b\xea\xfb\x0d\x7c\x78\x5d\x75\x70"
	"\x5d\x4e\x50\xbf\x59\xc9\x93\x4a\x68\xda\x48\x69\xe7\x55\x4b\x87"
	"\x62\xa4\x4e\x79\x11\xfb\xb7\x12\xe2\xea\xc5\xf5\xf8\xd4\x80\x0b"
	"\x6b\xc0\xd5\xb9\xf9\xe2\x04\xef\x56\x32\x1a\x44\x84\xc5\x9d\x99"
	"\x51\xef\xc5\x9d\xfd\xdc\xae\x44\x85\x2c\x43\xcf\x82\x14\x58\x6e"
	"\x9a\x77\x50\xd5\x60\x48\x62\xc1\x01\xd1\x45\x17\x13\x71\xf0\x89"
	"\x44\xce\xeb\xc8\x53\x1f\x34\x1a\xe4\xd5\x7b\x68\x14\x5f\xcb\x13"
	"\x97\xb7\x11\xa6\xa8\xc1\xc4\x09\xf6\xc3\xdd\x51\xb1\x44\x0e\xbd"
	"\x33\x6b\xce\x1a\x5d\x53\x77\x9e\xba\xa6\xae\x24\x40\x37\x0a\xf1"
	"\x51\x13\x9a\x3e\xcf\xa0\x2e\x30\x5e\xb7\x83\x0e\x40\x76\xe5\xbb"
	"\x65\x22\x0b\x1a\x9d\xdb\xcf\x30\x69\x02\x55\x32\x9c\xbc\x39\xfa"
	"\xcd\x90\xd9\x97\x20\x3a\x37\x11\xc2\x0f\x2d\xd8\xf2\xb3\xf1\x10"
	"\xc4\x7c\x44\x0d\xee\x33\xce\xa3\x96\xd3\x09\xd2\xd1\x75\x51\xde"
	"\x3c\xbb\xf0\x82\x4a\xc8\x70\x5c\x98\x72\xfa\x55\x21\xa5\x9f\x9d"
	"\x83\x18\x93\xaa\x3d\x01\x98\x9f\x9f\x3f\x8c\x3c\x7c\x77\xfc\x78"
	"\xdc\x6d\x21\x39\xdf\xec\xbd\xaf\x4d\x96\x6e\x71\x80\xd0\x47\xa6"
	"\xa1\x1f\x77\xbf\x49\x48\xba\xc9\x5a\x24\x68\xd9\x09\x1a\x4a\x08"
	"\x97\xb6\x9f\x32\x16\x75\xf1\xce\x45\xe5\x84\xb7\xd7\x53\xf5\x5f"
	"\x55\x80\x2c\x22\x92\xcd\x68\x0f\x49\x1a\x99\x21\x3c\xa3\x78\x33"
	"\x27\xed\xc0\x55\x5f\x65\xa8\xae\xb5\x0b\x5e\xf2\xca\xe8\x0c\x1b"
	"\x92\xe5\x43\x07\x5d\x88\xbd\xc0\xbe\x5e\x7e\x60\xdb\xc7\x58\x77"
	"\xd9\x1f\x9d\x9c\x6d\x01\xfc\xb2\xdf\x4d\x8e\xc7\xdf\xe7\x9e\xf1"
	"\x23\x96\x97\xff\x7d\x73\x31\x1a\x9f\x9f\x3f\x8f\xbc\x03\xf0\x98"
	"\x7c\x7c\xd8\xfd\xfc\x08\xf5\x8f\xf7\xf3\x69\xb3\xdf\xbf\x6c\x27"
	"\x57\x37\xe3\xd8\x7b\xdd\xbf\xdd\x17\x4f\x9b\x5f\xc5\xcb\xe1\x61"
	"\x77\x98\x9c\x6b\xc0\xc3\xee\xfe\xed\xdb\x84\x7b\x67\xad\xf9\xd0"
	"\xf7\xc7\x2a\x40\x62\x2f\xbc\xf5\x28\xae\x24\x81\xc0\x0e\x36\xd4"
	"\xe3\xd6\x4b\x2e\x78\x4e\x9c\x14\x74\xea\xae\x2f\xa7\x2c\x21\x51"
	"\xf5\x06\xbf\xf7\x99\xa2\xd6\x0b\xb8\x1f\x58\x00\xf6\x50\xa5\x5f"
	"\xb0\xd8\xba\xbc\x32\xe9\x10\xcd\x97\x34\xc3\xc7\x9f\x2d\x32\x16"
	"\x83\x4b\xbf\x43\x0a\xcb\x87\x03\x34\x94\xfe\x7b\xa7\x2f\x4f\xba"
	"\x62\x5d\xe8\x17\xf1\xec\x69\xf3\x6d\xf7\xe1\xdb\xff\xfd\xf5\x70"
	"\xbc\x3f\x7b\xdf\xda\xf5\x33\xb3\xc9\xd9\xd3\xee\xe1\x71\x73\xdc"
	"\x7d\xff\xf8\x74\xc4\x3e\xd2\xd9\xbb\x76\xd4\x19\xfc\x7d\x3c\xfa"
	"\x39\x82\x7c\xa3\x78\xda\xfd\x7a\xdc\xbe\x78\x35\xe2\xef\xb7\xcd"
	"\x3f\xbb\xc7\x42\x33\x2f\x9e\x0e\x0f\xc5\xfe\xe2\xb2\xf8\xb9\x39"
	"\x49\x71\x3f\x48\xf1\x6b\x74\x8a\xc7\xaf\x51\x72\x92\xe4\xe2\x3d"
	"\x14\xa7\x17\x72\x8a\x62\x3a\x30\xcd\xe6\xe9\x19\xf6\x7b\x73\x92"
	"\xe2\xf2\x24\xc5\xd0\x66\xbe\xbf\x6e\x8a\xcd\x1e\xca\xe7\x61\x92"
	"\xe3\x30\x49\xbd\x92\xfb\x21\x26\xfb\x5f\x37\x27\xa6\x39\xbd\xd6"
	"\xfd\xaf\xcb\x77\xe9\xf7\xb4\x6e\xb6\xa7\x45\x72\x7f\x52\x37\xc3"
	"\xfb\x1d\xa4\xa8\x75\x73\x7f\x52\x22\x27\x78\x8c\x4e\x4a\x75\xf4"
	"\x0e\x0b\xb8\x7f\x8f\x2d\x6e\x4f\x5a\xc0\xf6\xe4\x7e\xb7\x27\x65"
	"\x76\x82\xe2\xf2\x24\xc5\xc5\xc9\x75\xc0\x2c\x0f\x27\xf7\xf2\x70"
	"\xea\x48\x6c\x06\x68\x6a\x7f\xb5\x3d\xd3\x71\x35\x7f\xdd\x1d\x5e"
	"\x7f\x6c\xb6\x3b\xef\xfe\xf1\x79\x73\xf8\xed\xa9\xb7\x74\x47\x23"
	"\xc6\xfa\x50\x00\xc6\x98\xa6\x4d\x3b\x57\xf0\x2e\x14\xfc\x28\xdf"
	"\x2c\x1a\x9f\x5b\x65\x54\xbd\x10\xaa\xeb\x33\x7c\xd8\x30\xa7\x18"
	"\x3a\x5d\x85\x4d\xc9\x56\x04\x19\x4b\x65\xa7\x2e\x25\x3c\x77\xe7"
	"\xb4\xe5\xb0\x98\x89\xc0\xf9\x06\x0f\x92\x49\xeb\x95\x92\x7d\x3d"
	"\x99\xbe\xfc\xb3\x3b\x78\x4f\x9b\x67\x08\x4d\x4f\xbb\x67\x47\xb2"
	"\x51\xbe\x44\x30\xd2\x44\x0d\x70\x3d\x8d\xaf\x50\x62\xc1\xd2\x42"
	"\xdc\x26\xee\xf4\x79\xce\x7c\x08\x8e\xbd\x8f\xef\x62\xa8\x07\x28"
	"\x35\x56\x5c\x41\xec\x2f\x05\x01\x8a\xcf\xab\xbb\xb4\x2b\xb2\xa0"
	"\xea\xe3\x20\x37\xb4\xfc\x84\x6e\xd4\x7c\xed\x69\x61\x67\x66\x49"
	"\x18\x5b\x95\x45\xdc\xfb\xd2\x11\x50\xfa\xf1\x59\x4d\xbc\xfa\x52"
	"\xa4\x7c\x85\x79\x76\xfd\x1e\xa3\xb4\x02\xf7\xcb\x7f\x3d\x97\x7d"
	"\x5f\x55\x4b\x09\x3f\x88\x13\xcc\xd1\xa3\x2a\xc5\x6d\xa0\xab\x0f"
	"\x78\x4a\xc5\xc6\xb5\x62\xab\x86\x39\xe2\xd8\xc3\x7e\x67\x64\x93"
	"\x30\x7b\xf9\x15\x51\x0b\xa2\x9f\x23\xa7\xf8\x49\x57\xc6\x96\xad"
	"\xa7\x9f\x35\xd1\x8c\x2f\x21\x45\x0e\x5b\xd7\x20\x2e\xaa\x98\x26"
	"\x79\x2f\x8b\x58\x2e\x4e\x8e\x97\x8b\x8a\x47\xdd\xfc\xaf\xf6\xe3"
	"\x85\x87\xc7\x9f\xfa\x8a\xdd\xac\x10\x90\x01\x6b\x7d\x0d\x68\x60"
	"\x91\x63\x49\x61\x17\x20\x20\x5d\xfc\x66\x55\x34\x0b\x80\x5a\x11"
	"\x24\x11\x76\x8a\x0d\x5c\xc0\xf4\xb0\xfb\xd7\xdb\xee\x79\xfb\xdb"
	"\x7b\xdd\x6e\xf6\xd6\x07\x52\x38\x1e\x4e\xca\x17\x5b\xba\x08\x51"
	"\x5b\x22\x52\x66\x85\xfd\x71\x87\x89\xae\xbf\xec\x69\x23\xb1\x13"
	"\xd1\x03\x06\x43\x93\x84\x45\xc2\x81\xc6\xb2\xb7\xa3\x44\x85\xa9"
	"\x5c\x14\x4e\x6a\xbc\xa3\x77\x27\xf2\xce\x41\x68\xed\x82\x2c\xff"
	"\x8d\x21\xf8\x90\x52\x7d\x42\xf1\xfe\x21\x1c\xd2\x63\x58\x58\xf8"
	"\xfe\x11\x80\x83\x69\x96\x7d\x2f\xd1\x9d\x63\xd4\x87\xd7\xd8\xc5"
	"\x5b\xd2\x93\xc2\x52\xcd\xea\x5c\xb2\x68\x88\x79\x4b\xaa\x3d\xca"
	"\xae\x45\xd8\x83\xaf\xe5\xd5\x83\xaf\x84\xe3\x5c\xf3\xbf\x23\x8b"
	"\xf7\xc8\xa0\x77\xef\xf5\xa1\xf8\xda\x3e\x14\xde\x43\xf7\x88\x02"
	"\xa1\x16\xa9\xec\xab\xf1\xd5\xcd\x4b\xc4\xf0\x22\xb8\xa2\xee\x25"
	"\x5d\xb0\x6c\xb1\xe2\x3c\x74\x11\xd6\x5f\xa2\xcb\x4e\x40\x07\x58"
	"\xa4\xfb\xdb\x42\x94\x57\x53\x0d\x35\x48\x62\x96\x59\xfd\x2c\x04"
	"\xd2\x0a\xa6\x36\x93\xec\x8e\x78\xaf\x88\x7b\xec\xc4\x4f\x50\xd8"
	"\xc2\xfe\xd8\x4a\x43\x8a\x90\x11\x57\x2c\xc9\x13\xb6\xb6\xbe\x25"
	"\x80\xdf\x7d\xb4\xeb\x69\x66\x84\x0d\xfc\xa5\xfe\xe6\x40\x0b\x54"
	"\x7e\x4f\x62\x82\x44\xee\xe3\x7b\x6b\x16\xdc\xb6\x10\xba\x57\x6d"
	"\xa9\x5c\x0f\x00\xc7\xc2\x84\x6c\xf5\x62\x4c\x0a\x96\x96\xad\x38"
	"\x43\x4a\x0b\x7a\x6b\x5d\x67\x69\x50\x35\x89\x83\x13\xb3\xd4\x03"
	"\x49\x84\x8a\x40\xf6\x27\xb8\x00\xad\xde\x6c\x15\x19\x64\x45\x76"
	"\x0a\xc2\xf0\x6d\xb2\x8f\xaf\xe3\xa8\x5a\xb4\x6b\xbd\x15\x5f\x8c"
	"\x6c\xaa\x59\x23\x5a\x1c\x14\xdb\x92\x86\xc8\x9e\xf7\x9d\x15\x19"
	"\x04\x46\x9f\x3b\xfb\x12\x35\x49\x10\x11\x88\xd0\xa1\xb5\x87\x34"
	"\x49\xdb\xbf\x8b\x70\x1e\x74\x81\xd8\x70\x49\x5b\x0b\x44\x78\x46"
	"\xb2\xd4\x6d\xe0\x40\x61\x7f\xb0\xa5\x61\x33\xcc\x47\x69\x9c\xaf"
	"\x7b\x47\xe1\xe7\x68\x89\x79\x25\x84\x92\x52\x5b\x70\x80\x1c\x32"
	"\x34\x16\xc8\x62\x11\x17\xcb\x91\x0b\x78\x61\xde\x79\x25\x70\x08"
	"\xf9\x82\x75\x0e\x5d\xba\x94\xac\xbd\x85\x3c\xac\x56\xe8\xfe\x24"
	"\x0f\x48\xa6\x3c\x1f\xc2\x35\x7b\x14\x3d\xd6\x57\x90\xb9\xf9\x59"
	"\x1c\x1e\x75\x91\xb6\x20\x6d\x53\x57\x40\x75\x08\x3a\xf2\x43\x8c"
	"\x13\xa8\x4f\x1b\xfe\xfd\x0a\x7d\x33\x63\xff\xbd\x92\x16\xc5\x30"
	"\x03\x9f\xd2\xf6\x58\xf4\x17\xed\x55\x04\xa9\x0b\x8c\x32\x75\x80"
	"\x11\x04\xc6\x82\xcf\xde\xad\x23\x8c\x5c\xe0\x9f\xb3\xa1\x67\x93"
	"\x35\x4d\x90\xfb\xe6\xf3\xef\x2a\x6c\x56\xf8\xc9\xd9\xf6\xed\xfe"
	"\x71\x7b\x66\x73\x8f\xc3\xeb\xd6\xb3\x58\x03\x89\x19\xbf\xc4\xa7"
	"\x84\xe6\xa7\x39\x00\xc7\x8b\x3a\xeb\x6f\x9b\xcc\x57\xca\xb6\xb0"
	"\xe1\x48\xf0\xa5\xbf\x34\xef\x2d\xc1\xb8\xc6\xf6\xaf\xd2\x91\x60"
	"\xeb\x7d\xea\xc2\xa8\xeb\xc0\x16\x42\x7f\x54\x88\x3e\xb1\x08\x49"
	"\x68\xcb\x6f\xdc\x31\xa3\x71\xd7\x8e\xc6\x5d\x43\x42\xbe\x31\x4b"
	"\xc7\xf6\x71\x07\x20\x8b\x48\x8f\xc1\x8e\xfb\x2d\x6f\xdc\x03\x3d"
	"\x69\x7b\xe3\x13\xc6\x37\x1e\xb4\x3e\x13\xab\xa4\x57\x7e\x7e\xd9"
	"\xba\x54\x50\xfb\xd2\xa7\xdc\x84\x08\x26\xbb\x90\x62\x6c\x7d\xad"
	"\x8a\xd0\x24\x84\x8a\x57\x29\x5e\xde\xa6\xb4\x85\xac\x17\x6d\x4b"
	"\xb1\xcf\x3b\x54\x48\x87\x77\xb1\x34\xd3\xef\xf0\x70\x99\xb9\x8f"
	"\xef\xac\xdb\xe0\xda\x7f\xda\xb3\xb9\x7d\x68\xdf\xcc\x86\xe7\xb4"
	"\x9e\x40\x6b\x19\xde\xad\xfa\x7c\x5e\xe7\x4b\xb4\xe6\x78\x00\x16"
	"\xbf\x05\xaf\x3f\x30\x6e\x30\x21\xcc\x46\x00\xa3\xaf\x25\xcc\x2f"
	"\x62\xc3\x8c\xb3\x50\xdd\xa2\x25\xf8\x8f\x92\x85\xe5\xb9\x15\x4f"
	"\x41\x03\xe4\xd0\xf6\xdf\xa9\x4c\xcb\x50\x38\xbd\xed\x5b\xb1\x1a"
	"\x9f\xce\x6f\x75\xad\x22\x49\x9c\xba\x6f\x4b\x81\xb4\xfe\x06\xc9"
	"\x1c\xaf\x81\xbd\x95\x7a\x43\x51\x39\x30\xe3\x7a\x20\x63\x21\x76"
	"\xcd\x0d\xce\x3a\x55\x7d\x39\xec\x30\xc5\xfb\xfa\x88\xaf\xc9\xfa"
	"\xfe\x7c\x57\xc3\xd9\x95\x30\x96\xa8\x32\xd3\x74\xaf\xb9\x4a\x43"
	"\x7b\xfe\x80\x45\x97\x50\xfd\x81\x9c\x81\x69\xf0\x2f\x2d\x18\x68"
	"\xfc\xac\x36\x49\xd4\x0d\xb4\x1b\x5a\x94\x4a\x73\xa1\x1a\x95\xba"
	"\xb0\x78\x71\x6c\xbe\x55\xb1\x90\xdd\x8f\x4f\x2d\x34\x2a\xba\xaf"
	"\xb9\xd5\x21\x54\x16\xe1\x12\x0e\x10\x4a\x5c\x86\xe4\x45\x18\x98"
	"\x59\x94\x89\x99\x99\x96\x6e\x22\x44\x20\x7b\x86\x40\x7c\x84\xe2"
	"\x83\xf6\x6c\x8d\x60\xbd\x45\x7a\x90\xd3\x36\xcf\x1a\x33\xbf\xbc"
	"\xb8\xec\x41\xb1\x2c\xe8\xc1\x38\xfe\x1a\x8d\x85\x07\xa5\xfb\x8c"
	"\x8b\x22\xe9\x17\xb5\x48\x7a\x85\xd7\xa8\x32\xed\x5d\xb6\x20\xf6"
	"\x77\x6b\x36\x92\x9d\x64\x2d\xa7\x5d\x29\xbb\x4e\x84\x89\x18\x36"
	"\x8f\x8e\xc5\xcf\xa2\x1c\xd2\x6d\xe9\x5e\x49\x42\x6c\xd9\x25\xaa"
	"\xf6\xa3\xd6\x67\xd7\x25\xb8\xc7\x92\x1a\x94\xcb\x2e\x1a\x6c\xc7"
	"\x9e\x10\xe5\x30\x16\x04\x4f\x1d\xa4\xda\x0a\x4c\x89\x20\xb4\x57"
	"\xc4\x88\x94\x2e\x3e\xf8\x92\x00\xdf\x65\xb4\x98\xf5\x06\x9b\x46"
	"\xa0\xeb\x3a\xc6\x29\x1f\xb8\x3e\xe2\xa7\x0c\xaf\xde\xf6\xe5\xe9"
	"\xfe\xf1\x79\xf7\xe0\x95\x7f\x20\xcd\xe5\xff\xd6\xb2\xed\x48\x4c"
	"\x14\x9a\x43\x89\xb6\x38\x1f\x37\x87\x6f\xbb\xa3\xd5\x1c\xb0\xc6"
	"\x49\xbc\x85\x97\xfa\xcf\x69\x9d\x30\x86\x86\x5a\xfd\x31\x0f\x91"
	"\xc7\x27\xb6\x5a\x93\x97\xc1\xa9\x67\xe9\x15\x55\xb3\x83\x13\x54"
	"\xee\x38\xd8\x25\x7d\xff\x86\x42\xf1\xff\x94\x5d\x49\x73\xe3\x38"
	"\xb2\xbe\xcf\xaf\x50\xf8\x30\xf1\x26\xa2\xa2\x9f\x44\x89\x5a\x26"
	"\xa2\x0f\x14\x17\x89\x6d\x82\x84\xb9\x48\x56\x5f\x18\x1e\x5b\x55"
	"\x56\x94\x6c\xd5\xc8\x72\x77\xd5\xfb\xf5\x0f\x09\x50\x24\x00\x02"
	"\x20\xd5\x97\x76\x21\x3f\x61\x23\x96\xcc\x44\x2e\x2e\xee\x39\x98"
	"\x75\xd4\xd5\xee\x1a\x3a\xd7\xb3\x36\xd0\x81\xd2\x20\x0a\x5d\x95"
	"\x46\x1a\x27\x24\x25\x36\x59\xf5\x6c\xde\x30\xdf\xe2\xae\x56\xfc"
	"\x36\x86\xf0\x19\xb8\x03\x13\x88\x77\xa5\x12\x72\xbd\x6f\x8d\x63"
	"\x8a\x13\x7a\xd8\xf5\x9e\x03\xd0\x84\xa8\x03\xf2\x29\xd1\xaa\x0d"
	"\xad\xc0\x91\x3a\x7b\xd6\x08\xfe\xfe\x8f\x1d\x2b\x5e\x8a\x68\xa2"
	"\x82\xb4\xf9\x03\x55\x3d\x2e\x46\x59\xd6\xd9\x77\x17\x13\x89\x81"
	"\x88\x9e\x61\xdb\x33\xe1\x7a\x5a\xbc\x81\x3f\xd5\x5e\x7f\x5a\x20"
	"\xea\x49\x05\x76\x90\x20\x1d\x74\x4d\x05\x43\xb3\x40\x2d\xa6\xfa"
	"\xda\xe1\x8e\x8c\xe8\xa8\xc8\x72\xe5\xab\x88\x0a\x9c\x20\x24\x18"
	"\xcb\x2a\x31\x71\xcc\x4c\xf6\x3a\xba\x49\x70\x3a\xce\x5f\x07\xaf"
	"\xa2\x55\x99\x51\x86\x2f\xdc\x80\xae\x0c\xa6\xb1\x87\xb8\xe8\x3b"
	"\x8b\x70\x07\xf7\xc6\xfa\x9b\x9b\xbe\x50\x9f\xd3\x94\x21\x7d\x37"
	"\xee\x18\x12\x11\xef\xfb\x55\x05\x1e\xe3\xdd\xd3\x2d\x47\x3c\x55"
	"\x41\xa2\x8e\x2e\x31\xf5\x42\xbf\x5e\x85\x98\x08\x75\x2b\xbf\xa3"
	"\xc6\xc8\xca\x7b\xd6\x27\x47\x79\x55\x41\x3a\x27\x01\x39\x6e\x07"
	"\xbd\x63\x3d\x32\xf1\x9a\xe9\x37\x4c\xe3\x8a\x03\x59\xe8\x32\xa1"
	"\x93\x2c\xe8\x0d\x05\x7f\xd3\x7e\x33\x26\xeb\xe3\x55\x90\xf5\x2e"
	"\x23\x6b\xdc\x8c\xb9\xcf\x45\x85\x88\x02\xf3\x90\x3b\xab\x82\xd7"
	"\x47\xab\x30\x45\xc2\x9b\xf9\xea\x10\x56\x0f\x48\x25\x87\x9a\xe6"
	"\xa9\xe7\x2d\x58\x81\x7d\x27\x42\xc6\x76\xc9\x15\xe9\xc7\x5d\x1f"
	"\x1d\x98\xf4\x7e\x0d\x42\xbc\x38\xdf\xbc\x54\x5b\x01\x8f\x95\x08"
	"\xaa\x2e\xec\x40\xa5\x82\x76\x53\x01\xa9\x6f\x51\x03\x24\x44\xe6"
	"\xce\x14\x63\x4b\x7a\x52\xc8\xfc\x5c\xf7\xce\xb1\xc9\x5a\xf7\x70"
	"\x88\xff\xdd\x43\x25\x12\x80\xce\x37\x75\xa8\x12\x6b\xa2\x13\x78"
	"\x19\x89\x17\x4f\x3c\xf0\x67\x27\xc5\x3a\x95\x00\x04\x90\x94\x1e"
	"\x3f\x64\xb2\xfc\xf3\x86\x9a\xfa\x7f\x80\xa1\x7a\xab\x47\x54\xec"
	"\x52\x15\x22\x27\x23\x8c\x5f\xea\x78\xbe\x9a\xae\x56\x2d\x50\x0a"
	"\x56\x88\x64\xa2\xec\x4f\x66\x97\x94\x87\x58\xf1\x84\x42\xca\x2b"
	"\x2e\x66\xad\x2e\x97\xee\x24\x9e\x94\x62\xf6\xc1\xd5\x8f\x52\x35"
	"\x2c\xcf\x23\xb9\x6a\x39\xb0\x0f\x2b\xad\xb9\xcf\x3f\x24\xde\x53"
	"\x20\x67\xbb\x98\x32\x93\xda\x56\x05\x56\x5d\xf8\x69\x33\xc9\x1a"
	"\x80\xcc\xc4\x4b\xfd\xaa\xb9\x62\x69\x94\xf1\x2a\xf2\xb5\xfd\xad"
	"\x18\x34\x8d\x0b\xb2\x00\x25\x73\xdd\x0d\x22\xd3\xa9\x1d\x7a\xea"
	"\x6c\xe5\xde\x11\x96\xb9\x80\x18\x19\x72\x39\x59\xda\xea\xe5\xe0"
	"\x5c\x3f\xab\x82\xd0\x8c\xb5\xda\x9f\x7f\x4d\x6f\xdd\xa1\x53\xfd"
	"\x0e\x9d\xaa\x77\xe8\xb4\x6b\x8b\xc9\xbf\xab\xb6\xe6\x54\xb7\x75"
	"\xab\x4d\x38\x55\x4e\xe3\x54\xda\x2a\xdc\x47\x98\xf2\xbb\x45\xf3"
	"\xa1\x38\x8c\x5f\x84\xd3\x89\xbe\x0d\x06\x82\x69\xd1\xb6\x02\x02"
	"\x4a\x77\x3b\xeb\xa8\xab\x11\x18\x2c\x33\x09\xd4\x36\x85\xd6\x5d"
	"\x95\x70\xcb\x42\x5d\x85\x32\xd6\x70\x85\xe0\xb5\x05\x22\xa5\xbd"
	"\xd6\xa6\x1d\x67\xc1\xb4\xef\x61\x30\x15\x76\xa7\x58\xcc\x76\x8a"
	"\x5c\xeb\x75\xb3\x98\x26\x3d\x76\x34\x26\x92\x95\x62\x3f\x28\xfd"
	"\x65\x5b\xf5\xc5\xef\x65\xad\xb0\x01\x17\xa4\xc4\x2e\x70\x01\x4a"
	"\x35\x11\x7a\x74\xf1\xed\x9d\x5c\x1d\x16\x41\xc3\x5d\x67\xfc\x2d"
	"\xc2\xc6\xd2\x7a\xb4\x08\x57\x88\xf4\x10\xc2\xb4\xc8\xf1\x74\x18"
	"\x7d\x13\x39\x71\xf5\x41\x43\x7d\x9c\x31\xfa\xf2\x9b\x39\xf2\xbb"
	"\x0d\x29\x52\x05\x86\x84\x2a\xe7\x43\x6b\x24\x44\x8c\x69\x4a\xcb"
	"\xd5\x46\x73\x47\x73\x18\xa4\xc3\x78\xe4\xc4\xf5\x95\x69\x0a\x22"
	"\x41\x35\x4a\xfe\x69\x69\xbe\x98\x26\xee\x41\xee\x44\x6a\xed\xcc"
	"\xa3\xa5\x0e\x82\x12\x39\x58\x1d\xb9\x04\xaf\x93\x58\xc3\x35\x4d"
	"\xa3\x64\x8b\x35\x41\x1b\x42\xdf\xf7\x61\xf4\xf6\x44\x63\x88\x71"
	"\x8d\x70\x4c\x4f\xf2\x87\xcf\xfd\xe7\xfe\xf0\xfe\xed\x7f\xab\x30"
	"\x42\x52\x04\xae\x0a\x5f\xba\xcb\x07\x7d\x6d\xe5\x5a\xf4\x65\xa9"
	"\x8b\x83\xcc\xd5\x9a\x4b\x64\xd4\x15\x2d\x4c\x8c\x00\x2a\x60\x3d"
	"\x18\x21\xa9\x5e\x21\x48\xe9\x59\xb0\xec\xa0\x9b\xeb\xcf\xfd\x87"
	"\xc8\x0c\x58\x06\x46\xfa\xaa\xab\x87\x5e\x26\x2b\x4a\x5b\x10\xf2"
	"\x7f\x1f\x99\x2b\x49\x53\xf3\x4c\x3e\x74\x4e\xb6\xbb\x4e\xee\x7d"
	"\x23\xe2\xa1\x63\xae\x5c\xb0\x93\x30\x22\x82\x87\x5e\x20\x23\x79"
	"\xbd\x36\x4f\x38\x0e\x7d\xc3\x5a\x6d\x9e\x4f\xdb\x3f\x8c\x8a\x76"
	"\x94\x2f\xf7\xf8\xf4\xf1\x71\xf8\x7a\x78\x6e\x3f\xc8\x12\x0e\xaf"
	"\x55\x0f\x29\x02\x47\xbc\x50\xbf\xf0\x01\x91\xbb\x61\xec\xf9\x8f"
	"\x46\x0c\x7d\xc1\xd7\xed\x61\x00\x04\x5b\xd1\xa8\x09\xca\x98\xe0"
	"\x55\xfb\x5a\xd3\x02\x6a\x1b\xda\x2e\x55\x3d\xa1\xd3\x76\xb3\x0d"
	"\x36\x77\x8c\x00\xa6\xa6\x7e\x45\xc9\x56\x55\xb1\x59\xbd\xc9\x66"
	"\x0e\x07\x46\x3a\x54\xed\xa7\x46\x08\x65\x49\xd4\x61\xac\xa9\xb9"
	"\x15\x12\xe3\x62\x35\x65\x55\x60\xac\xb1\x25\xd6\x59\x11\x5d\xa4"
	"\xef\x79\x05\xa1\xca\x53\x63\xb3\xb2\x5c\xcc\x51\x90\x9f\x3b\x5d"
	"\x0d\x40\x90\x4e\xc3\xbc\x3b\xae\xa8\x43\x80\x02\xa6\xf6\x91\xf5"
	"\x6e\x94\x02\x41\x1e\x35\xb5\x01\x19\x85\x69\xea\x7b\xed\x0a\x25"
	"\xef\x91\x6b\xb1\x8e\x39\xaa\xfb\xe1\x1b\x1e\xd6\x28\x22\x0b\x0d"
	"\x53\x4c\x01\xf7\xcb\xce\x4a\x5c\xe9\x35\xae\x05\x00\xe6\xc0\x08"
	"\x30\x2d\x41\xda\x42\xa5\xa8\xee\xea\x2a\x4a\x3c\x23\x24\x0c\x7c"
	"\x23\x9d\xd9\x0a\x81\x41\xab\xe1\x93\x87\xb1\xf4\x85\xe8\xf1\x19"
	"\x52\x63\xb2\x86\xd7\x71\xd5\x37\xa0\x17\x83\x2b\x7e\x96\x40\xf2"
	"\x25\x35\x63\x4b\x38\x49\x87\x86\x30\x54\x92\x13\xec\xc7\x9b\x6c"
	"\x1b\x92\xa5\xa9\xe6\xc3\x98\x5e\x2b\xd3\x5a\x0f\xc1\x8b\xba\x6c"
	"\x7a\xdc\xd8\x1f\xe1\x48\x13\x60\x34\x33\xdc\x74\xb4\x37\x9e\xbf"
	"\xd1\x22\xa2\x31\x28\x03\x98\x0d\x8f\x1e\x15\xbb\x99\x2a\xac\x6a"
	"\xca\x27\xf6\x48\x03\x9a\x0c\x86\x37\x5e\x7b\xc4\x99\x22\x73\x04"
	"\xb5\x4d\xd2\x5d\xbe\x1c\xa6\x32\xe3\xd5\x7c\xee\x14\xb2\x99\x64"
	"\xbb\x52\x0c\x45\xbf\x7c\x10\xb4\xf4\x10\x65\xfe\x8f\x50\xb7\xad"
	"\xe1\xf4\xac\xd5\xe2\xbc\x65\xf9\xe0\xb2\xff\xb8\x28\x38\x3f\x7c"
	"\x9f\xeb\xd2\xe9\x54\x36\x9f\x34\x9a\xb7\x16\xe0\xa5\x09\x2e\x51"
	"\x12\x87\x79\x92\x6a\x82\xc5\xa2\xd4\xf1\x74\x53\xa3\x63\x70\x53"
	"\x4f\x7d\x54\x2e\x35\x56\xfe\x44\xe8\x7b\x4c\x75\xc2\x52\x50\xde"
	"\xbb\xea\x23\x23\xcb\x53\xdf\x41\x8a\x30\xa1\xb5\xdf\xf8\xb2\x4c"
	"\x0b\x41\x91\xb2\x0d\xc1\x8d\x3c\x53\x94\x80\xeb\x3a\x57\xea\x53"
	"\x53\x05\x5e\xa9\x47\x8b\xc4\x0c\x37\x55\x51\xc8\x69\xe4\xdd\x60"
	"\x05\xbc\x3d\x67\xf8\x1c\x47\xb4\x80\xa6\x5d\x03\x9b\xc8\x36\x16"
	"\x56\xba\x1f\x91\xdd\x9a\x96\x5b\x27\x05\xeb\x56\x71\x95\x5e\x61"
	"\xae\x9f\xe6\x75\xdc\xfa\x32\x89\x0b\xf5\xfe\xe3\xaa\x65\x06\xb7"
	"\x58\x19\x47\xa5\x41\xd1\x50\x2b\x8a\x6e\x51\x1f\x10\xe6\x7a\xbf"
	"\xf2\x96\x0a\x80\x4b\x3e\x34\x97\x04\xb1\xdd\x83\xad\x74\x21\x36"
	"\x32\x55\xb8\xa4\x08\x5d\x68\xc2\x16\x51\x22\x01\x2f\x40\x5f\xd2"
	"\x68\xc0\x0d\x1a\xe4\x68\xc8\x79\xdf\x85\xa4\x54\x2d\xab\x07\x90"
	"\x0d\xc8\x40\xaa\xa2\x82\xeb\xf6\x03\x6c\x9a\x05\xd6\xec\x86\x50"
	"\x7d\x31\xb9\x3e\x86\xc7\x2e\x8d\x94\x13\xa8\x97\x7d\xb4\xd5\xda"
	"\xa2\x7a\x59\xce\x22\x3c\xb5\xe4\x74\x7f\x03\x47\xb6\x72\xda\x76"
	"\x34\xea\x76\x85\xe0\x3e\xe5\xba\xb1\x9d\x92\xed\x3d\x81\x06\x46"
	"\xa6\x8d\x89\x96\x90\x7d\xa0\x3a\xca\xb8\x38\x47\x0c\x0b\x4a\xbe"
	"\x15\x97\x1e\xcb\xdb\xff\x75\x78\xe6\xfd\xf3\x38\x87\x1d\x07\x2d"
	"\x1d\x21\xfd\xe1\xe1\xb9\x02\x0e\x12\xd9\x91\xa6\x60\x69\x28\xe4"
	"\x87\x51\xa1\x98\x46\x91\x11\x92\x17\x92\x11\xe7\x08\x2b\x23\x09"
	"\x91\x25\x14\x7b\x4e\x94\xf0\x71\x76\x71\xca\xaa\x0b\xc2\x14\xd1"
	"\x00\xb0\x34\xc2\x02\x17\xf9\x75\x5b\xd6\xc1\x2f\xea\x53\xa6\x82"
	"\x86\x71\x15\xf5\x81\x4f\xf7\x92\xa7\x4e\x8d\xe0\xb2\xea\xd4\xf5"
	"\xb0\x74\x02\xf2\xa0\x94\xe4\x32\x20\x5c\xf3\x52\xb0\xde\x84\xb0"
	"\x44\x5b\x1a\x4d\x99\x73\xf4\x95\x72\x7c\x30\xdf\x4d\x8d\x92\x85"
	"\x02\xfc\x4d\xaa\x51\x89\x31\x00\x9c\x5c\x55\x35\x64\x7b\xa0\x44"
	"\xe3\xe4\x07\x01\xcc\xd6\x3b\xd2\xd1\x4d\x98\x69\xb6\x4f\x9d\x3e"
	"\x0f\x17\x55\x22\xac\xcc\x10\x4f\x89\x86\xb4\x2f\xf2\x44\xca\x86"
	"\x48\x76\xa8\xf0\x14\xc0\xfe\x5d\x86\x7c\x92\xb2\xaa\x2c\xe3\x93"
	"\x44\x54\x65\x08\xf1\x59\x5c\x20\xe6\x38\x0d\xa3\xe6\x41\x2e\xb2"
	"\x40\x54\xa2\x06\x7e\xec\xfa\x86\x1c\x6a\x34\x60\xb9\x18\xa2\xaf"
	"\x8e\x9f\xf9\x42\x97\x7d\xdb\x1f\xd5\x0d\x21\x42\x22\x46\x85\xd6"
	"\x8b\x8d\x40\xec\x9f\x3f\x3b\x20\xea\x9b\xf7\x1a\x4c\xb4\x64\xff"
	"\x56\x1f\x47\x84\x3f\xa6\x49\x0d\x34\x81\xb5\x55\xfc\x8d\x97\x73"
	"\x73\x9b\x08\x66\x32\x49\x00\x2e\x6a\xb9\x26\xa9\x28\xa1\x06\x11"
	"\x38\xb9\xf2\xd9\x2e\x48\x21\x0b\x95\xa5\x24\x81\xd1\x8e\x70\x43"
	"\x93\x32\x21\xff\x23\xf9\xb7\xe0\x26\x96\x04\x34\x77\x65\xba\x81"
	"\x18\x8c\x3e\x92\x3a\x57\x85\x44\xd1\xc5\x83\x82\xab\x4b\x1f\xa4"
	"\x5c\x15\x1e\x3d\x2e\xc8\x2d\xb1\x8c\x54\xc7\xec\x9f\xa9\x83\x54"
	"\x3f\x71\xc9\x26\x65\xae\xbc\x86\x78\xe8\x91\x10\x0a\x9c\x2f\xa5"
	"\x31\xdd\x58\x68\xac\xb9\xa2\xf2\x74\x87\xf3\x24\x92\x22\x74\xb7"
	"\x60\x5e\xba\xf4\x8c\x80\xb8\x83\x4e\xc6\xa6\x5e\x4f\x1e\x84\x05"
	"\x22\x9c\xa8\xeb\x6d\x3c\x9d\xca\x95\x7e\x86\xd2\xd7\xf8\xd2\xd5"
	"\x4d\x68\xba\x10\x6f\x90\x5f\xbd\x2b\xb4\xf6\x1a\x3a\x7c\x3c\xab"
	"\x36\x5b\xe6\xc7\xe4\x14\x02\x77\xff\x6c\x1c\x6d\x86\x96\xa6\x6b"
	"\x9e\x6d\xd9\x8f\xa5\x87\x13\x35\x9f\x42\x8e\x54\xb4\x83\xe5\xa7"
	"\x66\x74\xdd\x6c\x31\xb6\xb2\xc9\x50\xcd\xc7\x90\xd3\x23\x4a\xb2"
	"\x82\x5c\x0d\xb0\x3a\x43\x5d\xae\x38\x07\x7b\xd9\x82\x70\x35\x8e"
	"\x46\x9e\x0a\xb3\xc8\x5a\x0c\x87\x63\x03\xd1\x52\x47\xdc\xbc\xce"
	"\x41\x4e\x40\xb6\x6d\xc6\x2c\xd7\xa3\xd9\xcc\x0c\xa1\x1d\x5d\x0c"
	"\xd5\x9c\xd5\x1a\xb9\xd3\xb1\xad\xd6\xc5\x7b\xd9\x68\x3a\xb7\x34"
	"\x8f\x24\xa5\xe7\xb8\x33\x7b\x64\x69\x12\xf6\x2e\x2b\x99\xb1\x0c"
	"\x32\x67\x31\x99\x0f\x35\x2a\xfa\x3c\x27\xf3\x5b\xfa\x2e\x1e\x9b"
	"\xce\xbe\x4c\x5a\xc4\x4d\x16\x36\x16\x7e\xb3\xca\x0f\xda\x34\xcf"
	"\x13\x0c\x21\x0b\xab\xb0\x92\xd4\x08\x84\x1a\x5f\xa8\x77\x8a\x25"
	"\x9f\x36\x2c\x4c\xbc\x4f\x2e\x38\xa4\x0a\xb8\xcc\x28\x64\xff\x58"
	"\x6a\x5b\x88\x86\x6e\x9b\xe8\x90\xfc\xdc\xdd\x99\x10\x84\x5d\x9e"
	"\xce\x67\xc6\x4a\x16\x63\xf7\x71\x6a\x06\x3c\x3e\x4e\xa6\xad\xd1"
	"\xe5\xfb\x9f\x4f\x1f\x83\xf0\xfd\xe3\x72\xfe\x7c\xa3\x79\xca\x3e"
	"\x5e\x9f\xce\xfb\x97\xc1\xe5\xfc\xf4\xfe\x01\x23\x1e\x1c\x0f\xef"
	"\xfb\xc1\x0b\xd9\xc7\x87\x1f\xf0\x27\x3f\x03\x64\x79\x64\xb9\x71"
	"\x51\xc2\xfe\x86\x7b\xbe\x1b\x44\x18\x84\x76\xa8\x38\x78\x1d\x7f"
	"\x1a\x04\x78\xe5\x0c\xbe\x1e\xce\x6f\x7f\x93\xae\x0d\x5e\x4e\x7f"
	"\xbf\x1f\x4f\x4f\x57\x23\x77\xe1\x0a\x87\x17\x34\x07\x3e\x34\x6e"
	"\x7b\xbd\x87\xef\x97\xfd\x71\x80\x42\x97\x32\x00\x8c\x8f\xbd\xc6"
	"\xdd\xc8\x5c\x22\x1d\xb4\x8b\x37\xe4\xd4\x6e\x97\x36\x15\xad\x4f"
	"\x1f\x17\x2d\xd1\x7d\x3a\xbf\xa8\x9a\xd1\xe2\x4f\x3f\xce\x27\x72"
	"\x4c\x7e\x9c\xce\x83\xec\xf2\x74\xd9\x73\xf1\x41\x06\xff\xe3\x26"
	"\x19\xfa\x17\xc7\xa6\xd7\xfd\xab\xab\x6b\xbe\xb8\xbb\xd6\x68\x04"
	"\x1e\x23\x1a\xe5\x4e\x4b\x74\x82\xe2\xca\x49\x26\x4a\xb1\xf4\x1a"
	"\x88\xbf\xa4\xe9\x06\xc5\x38\xaa\x44\xbe\xc0\x64\xa7\x43\x18\x85"
	"\xdf\xef\xa4\x48\x68\x2c\x1e\x7d\x4e\x5d\x91\xe8\xc3\xf4\x9d\x14"
	"\xed\x8c\x93\x09\xe0\x6b\x57\x1c\x08\x6c\x48\xf5\x83\x28\xd4\x15"
	"\x31\x2f\x46\xb1\x0b\x5e\xbe\x4c\x08\x67\xe8\xe4\x85\x18\xef\x07"
	"\x68\xce\xb2\x4c\xc8\x65\x57\x60\xcf\x51\x5b\xdf\x54\x59\xe8\x1c"
	"\x78\x3d\x48\x24\xd9\xc9\x8f\x57\xb5\xb8\x21\xd4\x0a\x50\x45\xde"
	"\xd8\xe6\x73\xb0\x68\xba\x25\xc8\x02\xba\x5b\x9a\x0e\xc7\xdb\xe4"
	"\x9a\x91\xd2\x98\xb3\x90\x37\x8a\x7a\x4c\x5c\x45\xb2\xec\x72\x3a"
	"\x93\xf5\xf1\xef\x81\x8f\x90\xfb\x65\x10\x13\x79\xe9\xcb\xe0\xc7"
	"\x35\xab\xca\x6f\xbf\xfd\xd6\x48\x67\x50\xc9\x0a\xb3\xb7\x4b\xd2"
	"\x15\x85\x52\x80\x54\x41\x51\x99\xa4\x4e\xe2\x5b\x1a\x2c\x8f\xa7"
	"\xe7\xef\x83\xfc\xe9\x9b\x58\x33\xcb\xac\x92\xf3\x6e\xca\xd4\xfd"
	"\x31\xa9\x33\x73\xb0\x68\x46\xa1\x47\x96\xf4\x0f\xf1\xb7\x90\x41"
	"\x97\xc9\x0b\x55\x20\xf9\x5f\x83\xf5\x81\x06\xc4\xe1\x40\x10\x96"
	"\x60\xcd\x12\xc1\x35\x71\x91\xbe\x0c\x30\xd9\x36\x5f\x06\xcb\xa7"
	"\x0b\x39\x25\x7e\x0d\xfe\x39\x88\x4e\x7f\x57\x91\x75\xce\xfb\x23"
	"\xd9\x40\x2f\x10\x75\xf1\xeb\xe1\xdb\x87\xd4\x5d\x48\x4f\x44\xc3"
	"\x79\x88\xfd\xa5\xa1\x2e\xd6\x49\x2b\xc0\x2c\x0b\x6c\x43\xaf\x10"
	"\x78\x37\x96\x9f\x50\x38\x54\x3b\x9c\x0c\x1d\x62\x8e\x13\x4f\x2c"
	"\xa2\xd6\x86\xae\xaa\x13\x84\x5b\x0f\x76\x2a\x82\x4b\x56\xfb\x2a"
	"\x6d\x45\xfb\xa0\x61\x4d\xf3\x84\xa6\x81\xd6\x2f\x2d\x4c\xf6\x33"
	"\xd6\x92\xb3\x2d\xd6\x2e\x4b\x6b\x36\xb2\x84\x99\xd1\x01\x21\x95"
	"\x45\x4f\xe0\xac\x1f\x10\x32\x7a\xf4\x04\x4e\x6d\x2d\x90\xff\x10"
	"\x90\xb7\x26\xf6\xb7\xf4\x38\x92\xbe\x11\x90\xda\x99\xba\x1b\xd2"
	"\x1a\x22\x2b\xe4\x84\x87\x1a\x6b\xa7\x51\x02\xda\x7d\x81\x53\x53"
	"\x77\x1b\xd8\xac\xa3\x63\xf3\x9e\xed\x2d\x46\x7d\x3b\xb6\xe8\x09"
	"\x1c\xf7\x1d\xaa\x35\xd6\x0c\x95\x9c\x91\xcb\x42\xf4\x4b\xa8\x8a"
	"\xe8\xef\xd4\xca\x46\x38\xd1\x8b\x47\xc7\x73\x41\x15\x2a\x48\xbd"
	"\xb5\x96\x10\x18\xf0\xc5\x68\x4c\xb8\x77\x4d\x22\xe6\x2b\x2e\xcd"
	"\xed\xd9\x58\xf5\x5a\x2c\x41\xe6\xf2\x47\x80\x90\xaa\x54\x0b\xeb"
	"\xae\x41\x02\x4a\x4b\x30\xef\x86\x20\x4f\xbe\xf2\x79\x10\x05\x1e"
	"\x1d\xd1\x8c\x2a\x19\xf8\x35\x78\x2d\xbb\x56\xa4\xa4\x05\x91\xef"
	"\x29\x09\x4b\x1d\x21\x5d\x69\x49\x91\x97\x28\xcb\xbd\x4c\x90\xac"
	"\xaf\x5d\x9e\xea\xf5\x22\x35\x59\xf3\x6e\x5f\xd1\x49\x83\xa6\xa5"
	"\xbe\x4d\x1d\x5c\xae\xc5\xbc\xb0\x57\xa2\xe6\x77\xf9\xda\x4f\x11"
	"\x99\x7c\xec\x94\x9b\xd0\x21\xac\xb6\x8b\x5a\xf7\x33\xce\xc4\xc4"
	"\x28\x4c\x2e\xfd\x3c\x5e\x0e\x08\xe2\x11\x7e\x19\x78\x87\x8f\x1f"
	"\xc7\xa7\x5f\x5f\x08\xc7\xf6\x06\xec\xa6\xf6\xf2\x70\x8b\x2c\x27"
	"\xac\x74\x1d\x3c\x76\xc5\x18\xd8\xdf\xef\x5e\x0f\xa3\xf1\x78\x5c"
	"\xfe\xf7\xb2\x7f\x7e\x1d\x9c\xfe\x1a\x8d\xe7\xb6\x5d\x42\x42\xbe"
	"\xb7\xf2\xf2\xf2\x5d\x2c\x19\x1c\xde\x7e\x5a\xe4\x60\xfb\xf8\x7c"
	"\x7f\xff\x55\xfe\xdf\xfe\x22\x14\x0c\x3e\xec\xef\xe3\xe3\xb4\x3c"
	"\x1e\x2e\xfb\xd3\x3b\xf9\xe5\x7c\x6e\x4f\xcb\xb7\xc3\x8f\x43\x79"
	"\x7e\xfa\x7b\xf0\x7a\x98\x4f\xa6\x25\xe1\xd5\x8f\xbf\xaa\xbf\xff"
	"\xf3\xeb\x65\xf0\xed\x79\x3e\x1c\x4f\xca\xaf\xa7\x9f\xa4\xcb\xef"
	"\x50\xc5\xe4\x75\x46\x29\xd5\x9f\xac\xe1\xd7\x83\x6d\xb3\x9a\x21"
	"\xa6\xe2\xb7\x67\x7b\x68\xd9\xe5\xeb\xe9\x78\xa8\x28\xf4\xcf\xaa"
	"\x18\xa2\x25\xdd\x49\x97\x08\xb9\x81\xc0\xc5\x21\x74\xe1\xcd\x21"
	"\xc9\xd9\x3b\xc7\x7a\xab\xf9\x34\x9b\xd0\xf3\x13\x30\x56\x71\x2b"
	"\x96\x52\xba\xce\x1c\x04\xac\x7a\x98\x61\xf9\x7b\x35\x94\x32\xcd"
	"\xdc\x2b\xaf\xa2\x3d\x61\x38\xb8\x87\xfd\x5b\xe0\x79\x16\xdc\x02"
	"\x5f\xf9\xf8\x26\x3c\xd9\x36\x37\xa0\xb7\xb7\xf5\xdd\x77\x6e\xea"
	"\x0b\x0a\x96\x2a\x38\xcf\xe0\x4c\x0a\x89\x45\x41\x61\xf5\xe8\x26"
	"\xf2\x0a\xa4\x78\xe3\xa4\xa1\x13\xeb\x1b\x46\xe8\x9a\x4d\xd2\xd0"
	"\xe6\x15\x23\x73\x39\xde\x43\x6b\x41\x90\x32\x70\x8a\xd6\x0f\xf4"
	"\xc1\x43\x2a\x1b\x48\x71\xbf\xae\x3d\x14\x0a\x8f\x0f\xf0\x53\x28"
	"\xec\x9c\x48\x0a\x1a\x7b\x1d\x33\xd8\x9c\x07\x7c\xcc\x4d\x9a\x66"
	"\x75\xd7\x10\x75\x9c\xa3\x83\x4a\x21\x6b\x30\x14\xfe\x81\x7d\x89"
	"\xa5\x26\x7b\x90\x7b\x01\x12\x86\x07\xa4\xbb\xf7\x0b\x61\x27\x16"
	"\x76\xf9\xf5\xf5\xa5\x7c\xf9\x38\x94\x7f\xbd\x9c\xd8\x69\x51\x9e"
	"\x2f\xf6\x70\x3e\x2a\x5f\x5f\x7e\x0c\x2a\xd0\x52\x40\x3d\x7d\x9e"
	"\x78\xcc\xf1\xf9\xe5\xfb\xe1\x52\xbe\x5d\xbe\x97\xcf\xa7\xb7\xb7"
	"\xd3\x7b\xf9\xe3\x09\x32\x3c\x1d\x8e\x87\xc5\x7c\x3e\x7a\x2e\x9b"
	"\x9f\x0e\x5e\x8f\x97\xf2\xf5\xe7\x7c\xbc\x98\x7c\xe5\x8a\x15\xa7"
	"\x07\x13\x92\x58\xbe\x4b\xf3\x5c\x42\x74\x52\x89\x39\x5f\xca\xcb"
	"\x82\x1e\x30\x8f\x3a\xd9\x50\x75\x58\xfd\x7e\x37\xbc\xfb\x87\x20"
	"\xb9\x15\x34\x8b\x2c\x99\xbf\x94\x93\x89\xae\x5a\x2b\x52\xc5\xda"
	"\x0f\x57\x6b\x22\xad\x8e\xec\x69\xf3\x53\x20\x6c\x43\x0f\x9e\xb2"
	"\x66\x56\x53\x5c\x7d\x0e\xa0\x3e\xf2\x2d\x71\xe5\x3b\xb9\x07\xcd"
	"\xb6\x24\x42\x67\x06\x0f\xc8\xe4\x48\xa5\xd9\xf4\xc4\xd1\x3b\x64"
	"\x14\x2a\xa1\x8d\x90\x12\xf3\x31\x93\x85\x60\xc6\x0d\x31\xfc\xc9"
	"\x1a\x49\x8a\x1c\x17\xfa\x75\x7e\x8d\x4f\x4e\x44\x5d\x9a\x9c\xa6"
	"\xeb\x7c\x49\xe2\xac\x40\xf4\x59\x8f\xe6\x73\xaf\x04\xeb\x8e\x4f"
	"\x8b\xc1\x84\x31\x22\xfc\x14\x95\xdd\xef\x3c\x72\x3c\x49\x4b\xc5"
	"\x4b\xfd\xf1\xb0\xb3\x75\xf8\x21\x74\x16\xc4\xea\x4a\x3a\x63\xef"
	"\x61\xe6\xe6\xbd\x5d\xec\x00\xb3\x11\xe0\x0c\x7c\x08\x90\xcf\x42"
	"\xe2\xd4\x73\xcb\xe4\xdd\xfd\xfb\xc7\xe9\x2c\x89\x8d\x6c\xff\xb6"
	"\xd7\x49\x43\xcb\xca\x51\x39\x6c\x29\x1d\x0a\x08\x55\x41\xf9\x41"
	"\x66\xef\xe2\xa7\x09\xf2\xd5\xfa\x07\x71\x47\x0b\x68\x69\x3d\x00"
	"\x69\x5d\xb4\xf6\xc4\x12\x85\x23\xc2\x68\x49\xba\x34\x75\xed\x51"
	"\x26\x9a\xdb\xb4\x3a\x0b\x00\x1d\xdf\x0d\x34\x45\xfb\x2e\x1a\x4f"
	"\x6d\x8d\x24\x22\x36\xbf\xda\xa5\x49\xe6\x26\x9a\x8c\x91\x54\x5f"
	"\x41\x10\xa4\x09\x7d\x82\x59\x3a\xd6\xd5\x4e\x1e\xad\x76\x40\xc8"
	"\x59\xc5\x7e\xde\x9e\x7c\x4d\x0f\x75\x70\xfe\xa2\x73\x56\x8a\x49"
	"\x70\xee\xd1\x70\xb1\x18\xd9\x20\x6a\xea\x3b\xc6\x40\x73\x4d\xcd"
	"\xeb\xad\x24\x89\x8a\x7d\x5b\x3a\xa9\xb1\x63\x40\x57\x2e\x0f\x6c"
	"\xcd\x87\xda\x7e\xc9\xcb\x2f\x0f\x37\x61\xbe\x2b\xdb\x17\x97\x38"
	"\x92\x0a\xa7\xfb\x56\x62\xad\xd5\x2e\x0a\x8a\x2c\xd4\xe4\xae\x94"
	"\xd6\x49\xba\x31\x75\x40\x02\xa3\x5b\xd0\xb7\x60\x59\xa8\x3a\xba"
	"\xed\x6e\xe8\x0e\xe4\xb3\x31\x4f\xa0\xf8\x83\x24\x85\x58\xd4\xad"
	"\xd8\xdb\x1a\x74\x11\x93\xcb\x2d\x84\xb3\xa0\x7f\x0b\xd5\x6f\x60"
	"\x6f\xdd\xfc\x23\xb2\xda\xbb\xd6\x42\x83\x34\xed\x5c\xae\x13\x26"
	"\xd8\x0a\xf8\xd7\x24\xdf\xf8\xae\x09\x45\x2f\xf7\x0e\xcc\x8a\x74"
	"\xa8\xbb\xa6\xea\x73\x99\x20\xf5\x32\x30\x81\xd8\x57\xec\x31\x01"
	"\xed\x7a\xd4\x5b\x26\xf7\x31\x7b\x60\x96\xb2\xba\x88\xa8\x70\x15"
	"\x53\xf3\xb3\x98\x9c\x74\x89\x26\x7c\x3b\xd3\x3d\xfa\x18\xc0\xec"
	"\x7c\xd0\xd4\x95\x17\x4e\x5b\xbd\x0f\x5a\x4b\xc5\xa9\x12\xc6\xf8"
	"\x5e\x3d\x0e\xa0\x42\xf0\x76\xa1\x29\x3a\xd5\x91\xf2\xe0\x8c\x33"
	"\x08\xca\x0e\x19\x46\x4b\x7d\x85\x38\x74\xef\x0b\xdc\xaa\xb2\x62"
	"\x2e\xb9\x2d\x54\x2a\x9a\x60\x33\x73\xbd\x11\xf4\x8d\xe4\x61\x94"
	"\x33\x90\xa2\x12\x30\x8c\x30\xfc\x36\x73\xd2\xd2\x34\xb9\x74\x0b"
	"\x49\xd5\x4a\xc7\x7b\x08\xa7\x3b\x18\xd9\x74\xec\x37\x50\xac\xcc"
	"\x47\x6d\xed\xc6\xe9\x65\xff\x36\xf8\x27\xf8\x95\xbe\x43\x5a\xea"
	"\xbf\x0e\x97\x5f\x66\x9d\xb8\xeb\x42\x16\x58\x66\xf3\x23\xce\x2b"
	"\xf2\x46\x35\xcf\x33\xb2\x6a\x8a\x37\xaa\xec\xfa\x7e\xda\x43\xfa"
	"\x9f\x40\x81\x1c\x7d\x15\xd9\x92\xa8\xd6\x95\x30\x1a\xb6\x29\xdc"
	"\xef\x26\x22\x95\xf6\x64\x5c\xf7\x44\x20\xb8\x16\xd9\x99\xb9\xcf"
	"\x38\x4a\x4b\x36\x78\x73\x5d\x14\x87\x92\x94\x99\xa0\x65\xd2\xe2"
	"\x5d\xa0\xb0\xd6\x55\x4e\x35\x8f\xf6\x2a\xe4\xbc\x1f\x72\x36\x9d"
	"\xce\xfb\xd6\x39\xee\xdd\xfa\xd8\xea\x83\x04\x5e\x7d\x97\x95\xd3"
	"\x99\x3d\xbb\x09\x3e\x1d\xdf\x56\xfb\xfc\x36\xf8\xe2\xb6\xce\xd8"
	"\x3a\xe9\x59\x05\x1e\x19\x3e\x70\x85\x9a\x8f\xa6\xb7\x4c\x87\x9c"
	"\xed\x5b\x09\xfe\xfd\x8e\xeb\xc2\x5d\x1b\x03\x6f\xa4\x6d\x43\x48"
	"\xae\x8e\x04\x21\x63\x23\xcb\x5c\x3d\x30\x49\x23\xd3\xa2\xaf\x70"
	"\xa6\xd8\x05\x44\x92\x0d\xa4\xdd\xb1\x75\x70\xa8\x93\x36\x31\x11"
	"\x53\x71\x12\x92\x3b\x26\x1d\x75\x8a\x68\x1c\xd8\xea\x10\xcb\xa0"
	"\x17\x25\x72\x5d\xb5\x78\x05\x91\xb7\x37\x53\x57\xd1\x57\x30\x97"
	"\xa3\x7b\x3f\xf4\x14\xbf\x6d\x0d\x59\x55\xa0\x1b\x2a\x90\x20\xe9"
	"\x1b\xf5\x76\xc8\xfc\xdc\xf0\x12\x0d\x50\x1f\x49\x5d\x0b\x98\x6d"
	"\xbe\x5c\x58\x2d\x12\xba\x75\x47\xe4\xdf\xd2\x22\x20\x00\x7b\x78"
	"\xbf\xfe\xb3\x73\x72\x09\x6f\x04\x9e\xc5\xc0\x14\x04\x8e\xdb\x4b"
	"\x5a\x8f\x21\x23\xfd\x78\x3c\x63\x8b\xda\xfc\x41\x68\x80\xbc\x1d"
	"\x58\xd5\x78\x21\x4d\x60\x48\xa3\x03\xd0\x75\x2b\x3e\x8b\xb3\x9b"
	"\x43\xa1\xe1\x65\x14\x37\xf2\xc4\xec\xa2\x1c\xc9\x15\x4d\xb2\xdb"
	"\x00\xeb\xbe\xa5\x7e\x0c\x51\x49\x5f\x9b\x59\xfe\x16\x72\x95\x6f"
	"\xd3\x90\x7c\x7e\x08\xf3\xa1\x79\x71\xa9\xc7\x2e\xbd\xc1\x2e\xf3"
	"\x30\x68\x04\xfe\xe7\xcf\x33\xb9\x24\x79\x33\x0a\xc6\xda\x94\xeb"
	"\x04\x4c\xb3\x73\xdf\x3c\xc3\x79\x0a\x17\x78\x4c\x6e\xec\xbc\x5b"
	"\xb9\x55\x39\xcb\x43\xca\x46\xcd\xda\x23\x10\x7a\x9b\xa1\x32\xde"
	"\xa4\x0e\x82\xbd\x0d\x53\x29\xe5\x93\xe6\x59\xa7\xcd\xd2\x1a\xea"
	"\x6a\x83\xdc\xee\xe5\x66\x09\x3e\x72\x30\x22\x08\x59\xdf\x62\x19"
	"\x92\xcb\xeb\xfe\x3c\xc0\xfb\xf3\xe1\x07\xf9\xe3\xe9\x28\xf1\x07"
	"\x84\x55\xf5\xc4\x3c\x09\xac\xa4\xf4\x43\xe5\xb1\xc3\x51\x45\xf3"
	"\xd0\x8a\x70\xd5\x7a\x01\x60\xa8\xa8\x96\xa7\xab\xdf\x2b\x25\xe0"
	"\x32\x6c\x75\xa5\x31\x7e\xf3\x1d\x2f\xa3\x81\xf2\x42\x6a\x4a\xe0"
	"\x7a\x9e\x11\x77\xad\x33\xa0\x99\x4d\x93\xc8\x37\x75\x00\x93\x19"
	"\x95\x33\xee\xaa\x30\xa9\xef\x26\x84\x43\xff\x53\x2f\xdd\x05\x49"
	"\x91\x32\x53\x07\xd6\x0f\xf5\x56\x4e\xc8\x81\x54\x50\x7b\xf6\xdc"
	"\xbc\xe7\xaf\x40\xf0\x82\x31\x1f\x0e\xd3\xd9\x6c\x04\xe1\x8a\x21"
	"\x2b\xb4\xbb\x2c\x43\xf5\xec\xe4\xd9\xd8\xb1\x2c\xdb\xaf\x06\xa5"
	"\x3d\x68\x80\x0b\xd7\x05\x78\x66\xea\x3d\x07\xd1\xc3\x84\x6c\x98"
	"\x54\xb6\xde\x11\x68\x2c\x53\xf2\xf0\xe7\x70\x38\x1a\xfa\x33\x91"
	"\x19\x94\x90\x0d\x4f\x29\x4b\x5a\xe4\xca\x80\x9c\x8d\x54\x35\x58"
	"\x9f\x96\xba\x63\x07\x85\xad\xa3\x0a\x91\x7b\x49\x8c\x87\xd7\x7a"
	"\x7f\x16\xd6\x2f\x7b\x91\x86\xc0\xb5\xf5\x19\xa5\x5e\x1a\x15\x30"
	"\xa1\x3e\x91\x79\x9a\x44\xa5\x83\x51\xf8\x08\xa6\xee\xea\x44\x9a"
	"\x95\x94\xe3\x60\xf5\x8b\x5a\x9e\xc6\x2b\x25\x01\xa6\x4a\xd2\xa6"
	"\xaf\x20\x1f\xf2\x63\xde\x2e\xdc\x8c\x55\x8f\x3e\x20\x66\x0c\xa7"
	"\xe4\x9a\x0b\x93\xce\x7b\x26\x4c\xf3\xc7\x12\x6f\x51\xc7\x21\x18"
	"\xf9\x1e\x77\x15\x47\xa0\x66\x87\xbc\xc4\xd7\x04\xcf\x90\x96\xbd"
	"\x20\xcc\xbc\x6d\xf3\xfe\x94\xee\x3d\x05\xd6\x1b\x34\xc2\x73\x5b"
	"\xc3\xd0\x2a\xc0\x68\x3c\x5d\x68\xd8\x3d\x6f\xdc\xc5\xa0\x90\x11"
	"\xc9\xf2\x26\xac\xa8\xa8\x72\x87\x16\xb5\x04\x4e\x96\x63\xbd\x4e"
	"\x92\x91\xcb\x8d\x65\x44\x2c\x35\xfe\x63\x1c\x5d\xaa\x42\x32\xc4"
	"\xa3\xe6\xb4\x20\xab\xca\x6f\x48\x96\x0b\x1a\x7b\xb8\x80\xae\xe6"
	"\x64\xca\xca\xbb\x36\x8b\x17\x78\x8d\x0f\x9a\x98\xc5\x8e\x3d\xe1"
	"\x64\x34\x40\x91\xbc\x1a\x9b\x72\x21\xd7\x08\x7b\xd1\x59\xa6\x8e"
	"\x90\x59\x99\x19\xbf\xc9\xa6\x78\x50\x02\x61\xe6\x32\x59\x41\x41"
	"\x59\xab\xea\x4a\x87\x8c\x65\x9f\x75\x22\xc1\x6f\xc7\xd3\x7f\x9e"
	"\x8e\x83\xe7\x1f\x9f\x74\x32\x05\x8b\x2b\xf0\xe1\xa1\x99\x9b\xca"
	"\x55\x94\x2c\xc1\x94\x03\x17\x2c\xe9\x57\x5d\x11\xb5\x37\x25\x15"
	"\x3c\xbd\x93\xba\x9e\xde\x5f\x06\x1f\x2c\xdc\xc7\x7e\xb0\x7f\x7f"
	"\x85\xc2\x2a\x89\x1b\xbf\x0f\x20\x2d\x19\xa9\x0d\xc2\xd8\x97\x7e"
	"\xbc\x86\xff\x8b\x31\x44\xe9\x6c\x40\x30\x11\x36\x8d\x49\xeb\x25"
	"\x9c\x11\x5b\x0e\x2e\xbc\xf2\x8b\x5c\x6a\x6b\xc2\xfa\x40\xfa\x25"
	"\xa6\x30\xae\xbb\xec\xbf\xef\xcf\xdf\x7e\x0d\x1c\x6a\x33\x5b\x45"
	"\x27\x81\x1b\xfe\xf8\x29\xbf\x6b\xd0\x56\xc8\x6c\x56\xe7\x95\xca"
	"\x63\x50\x9b\x5b\x0b\x47\x3a\x37\xc7\x3a\xe9\x19\xad\x1e\x5c\x73"
	"\xb3\xbc\x2b\xad\x55\x5d\x25\x3f\x90\xf5\xfe\xb2\x3f\x9f\xbe\xed"
	"\xdf\x4f\x9f\x1f\xcc\x6e\x03\x37\x76\xb2\xd7\x71\x71\x19\x11\x69"
	"\x7b\x6b\x7e\x39\xd6\x45\xd4\x8f\xb8\x15\x39\x49\x49\x86\x03\xe8"
	"\x77\x9b\x37\xa0\xc7\xb4\x9f\x85\x1f\xbb\x3b\xf2\xc1\xaa\x37\x70"
	"\xc8\x9b\xae\xcc\x5f\x07\x78\xfa\xe5\xd4\x0d\xb1\x31\x2a\xbe\x36"
	"\xb5\x98\x6c\x2b\x74\xc8\x3c\x9c\x3f\xdf\xff\x0b\xd1\x66\x06\x1f"
	"\x97\xa7\xcb\xe1\xe3\x72\x78\x1e\x3c\x3f\x1d\x9f\x3f\x8f\x52\x64"
	"\x8d\xa6\xae\xf4\xc1\xd9\xac\xca\xfb\x4c\xb5\xe4\x18\xad\x50\xd2"
	"\xc8\x37\x01\xff\x36\x75\x07\xc9\xfe\x5d\x87\x86\xc7\xff\xcc\x8f"
	"\xc2\xb8\x78\x2c\x1d\xc2\x07\x57\xfe\xb2\x7a\xec\x2e\xf3\xe3\x8d"
	"\x56\x05\x17\xef\xa8\x75\xbf\x8b\x75\x8c\xad\x43\xf8\x68\x80\xd0"
	"\x50\x3f\x4c\x6f\xd8\x75\x3d\x41\x84\xf2\xc4\xcb\xba\xc4\x9f\xba"
	"\xf1\x0c\x23\x5d\xeb\x02\x06\x47\x79\x0f\x91\x2d\x87\xa7\x4a\xea"
	"\x17\xa8\xbf\x1e\xc0\xa9\x02\x8c\xc8\x74\x36\x4f\x35\xbd\x2c\xc6"
	"\x25\x2a\x1e\xa5\x04\x40\x2e\x73\x84\xd7\x4a\xaa\x85\x5a\xc4\x06"
	"\x02\x24\x91\xa4\xcf\xe4\xe7\x6f\x3f\x07\xcf\xc7\xa7\xf3\xf7\xc1"
	"\xdb\xe8\xb7\x85\xef\x4d\x16\xb3\xd1\x7c\x31\xb9\x93\x7f\xc0\x0c"
	"\x26\x4b\x6f\x13\x18\xa4\xe8\xa2\x4c\x6d\xac\x71\x5d\xa1\x79\x80"
	"\xdc\xe9\x44\xaf\x93\x87\xfe\x42\x6e\x4f\xae\x09\xbd\x88\xeb\x16"
	"\xda\x73\xd2\x95\x3b\xf6\xa8\xb6\x91\x47\xa1\x4b\xce\x53\x90\xe6"
	"\x7a\x48\x72\x70\xc1\x82\xb6\x27\x91\xcd\x58\x38\x02\xf9\x5e\xc0"
	"\xcf\x64\x92\xf3\x99\x1a\xe5\xa9\x3d\x60\x64\x70\xc5\xed\xce\x45"
	"\x96\x98\x47\x70\x9c\xb3\xe7\xea\x61\x94\x8b\xe6\xf5\xb1\x46\x60"
	"\x55\xe9\x64\xe6\xce\x65\x2c\xec\xf6\xc6\xea\x5e\x22\x38\xbe\xd7"
	"\x2e\x0c\xb1\x13\x87\xad\xaf\x02\x14\x7a\x0d\x51\x39\xc8\x81\x29"
	"\x69\x99\x52\xb6\x7e\xa0\xc1\x49\x28\x94\xb6\x99\x94\xc8\x8f\x5b"
	"\xe7\x30\x94\x51\x77\x6c\xe6\x71\xad\x67\xc2\x00\x47\x3d\xd0\xe8"
	"\x5f\x5d\x8b\x93\x82\x96\xc5\x74\x3c\x9a\xda\x3d\x8c\xb7\x38\xf8"
	"\xa2\x2f\xdc\xf1\xec\xb9\x35\xbc\x09\x3d\xbe\x05\xdb\xbb\xe6\xfb"
	"\xd9\x78\x62\xdf\x82\x9e\x8d\x6e\x98\x92\x89\x35\xb9\x09\xbd\xb8"
	"\x05\x3d\x9b\xd8\xab\xed\x9f\x7d\x7f\xe1\x6d\xe1\x64\xbc\x0d\x9d"
	"\xdd\x04\x9f\xdc\x88\xee\x0d\x9e\xf7\xaf\x3a\x72\xe7\x04\x6e\x59"
	"\x37\xe1\xad\xd1\xcd\xf8\x47\xef\xc6\x5f\xf4\x1e\x41\x80\xec\xde"
	"\xfb\x22\xc0\xb6\x3d\x1a\xfa\xbd\x7b\x8f\xf2\x05\x1e\x8e\x66\x7d"
	"\xe1\xc9\x66\x3e\xb7\x7a\x6f\x0e\xf6\xfe\x47\xa5\xfa\x7e\x3f\x58"
	"\x39\x01\x39\xf4\xfb\x56\x4f\xd1\xd6\x4d\xe8\xde\xab\x7d\xbb\xb1"
	"\x47\x23\x47\x8d\x16\x1f\x53\x21\xe2\x3e\x98\xd9\xb5\x9f\x59\x2b"
	"\x0a\x68\x0b\x46\x06\xbf\x05\x1e\x49\xa4\xfc\x89\xd5\xd9\x16\xc3"
	"\x8d\x4d\x4d\x02\x60\xd2\xa7\xc9\x34\x9f\xd8\x43\xbb\x1f\x12\x0c"
	"\x2c\xfb\x20\xa9\x5b\xc5\xb4\x7b\x18\xcc\x6c\xdf\x30\x0c\x66\x7a"
	"\xdf\xa7\x49\x7a\x95\xf5\x06\x52\x65\x50\x2f\xb4\xde\x2d\x57\x04"
	"\xe2\xee\x15\x52\x7a\x11\xe6\xf8\x56\x50\xd1\xf2\xab\xa7\x29\xae"
	"\x83\x50\x48\xb6\xcb\x4e\x9a\x63\x72\x44\x82\xdd\xa7\x89\xff\x0e"
	"\xb2\xb5\x91\x3d\x87\x80\x06\x39\x7b\xb3\xf2\x12\xb0\xaf\x54\x79"
	"\x2d\x13\x1c\x33\x1e\x4e\x25\xe5\x1b\x02\xd2\x03\xd2\x30\xe2\x35"
	"\x15\x83\xf2\xf6\xcf\x08\x1b\x60\x5e\xba\x29\xc7\xd3\x25\x1f\xe6"
	"\xe5\xda\x6c\x92\xb7\x7c\xd8\x0a\x32\x7a\xce\x65\x5b\x2f\xa6\x00"
	"\xc6\x75\x52\x6a\x5e\xd9\x29\xd3\xb0\x0a\x4b\xe6\x05\x0e\x6f\x16"
	"\x66\x28\x54\x36\xac\xfd\xe8\x0c\x3f\x20\xc2\x0d\x5e\xef\x74\x6e"
	"\xe7\x61\x40\xd3\x43\x47\xa1\x36\x0f\x3a\x9d\x88\x62\xec\x95\xa0"
	"\xb4\x4c\xe2\x68\x67\x46\x91\xa9\xec\x00\x6c\x0c\x32\x6f\xb8\xd4"
	"\x4c\x6c\xab\x96\x4a\x81\x52\x58\x92\xef\x2a\xdf\x11\xf9\x9b\x56"
	"\xa2\x72\xe9\x0a\x2f\x29\x81\x03\x91\x86\x48\x11\x7b\x18\x22\x5b"
	"\xa1\xc8\xa4\xc7\x39\x27\xa7\x41\xbd\x57\xa2\xdd\x10\x55\xb5\x35"
	"\x72\xa0\xfe\x7b\x79\x91\x63\x38\xbc\xe3\xa0\xf2\xec\x8a\x1f\x5b"
	"\x3b\x0d\x42\x66\xa2\x55\x5a\xe6\x49\x01\xa9\x7b\x64\x9d\x06\x7f"
	"\x55\x24\x0e\x53\x71\xb5\x14\x85\xa0\x19\x72\xf3\x34\x2a\xdd\xa0"
	"\x55\x3f\x99\x2d\xeb\x8f\xdc\x51\x1a\xfb\x32\x0f\xd1\xfd\xf9\xeb"
	"\xe9\xfc\x06\xaa\xb9\x2f\x57\x77\x51\xd0\xdb\xe5\xaf\x7b\x52\x7a"
	"\x94\xdf\xf9\x02\x9c\xad\xf4\xa7\x19\x8c\xe6\xda\xc7\xb6\x6a\x66"
	"\xff\x76\x3a\xff\x52\x5b\xd5\xb0\x78\x27\x62\x81\x1b\x48\xfa\xd8"
	"\x2c\x43\xad\xcf\xb3\x42\x09\x15\xbf\xaa\xdc\xac\xfa\x3d\xe5\xc7"
	"\x10\x31\x1b\xf0\xba\x10\x38\x54\xbd\x89\x21\x71\x7a\x57\x25\xce"
	"\x2a\x51\xc7\xef\x68\x8d\x0d\xa7\x61\x4c\x9f\x05\x68\x4a\x5e\x9a"
	"\x11\x9d\x9f\x2e\x46\xa5\xc7\x4d\x4b\x3a\x86\x27\x9b\x3c\x49\xc8"
	"\x5a\x27\x0b\xa3\xd2\x0f\x69\xa8\x95\x91\x16\x0b\xad\x32\xfc\xe9"
	"\xce\x4d\xa8\x15\x39\xee\x47\x4d\xe6\x78\x26\xb5\xd2\x97\x62\xaf"
	"\x48\x1d\xce\xe8\x8b\xef\x2b\xb8\xa0\xa8\xb5\x5c\xa6\xa8\x7b\xd4"
	"\x5e\xe1\xa1\xe3\x62\xdb\xfc\x3f\x65\xd7\xb6\xdc\xb8\xad\x6c\x7f"
	"\x45\xb5\x9f\x92\xaa\x93\x0a\x2f\xa2\x44\x9d\xaa\xfd\x00\x91\x94"
	"\x84\x88\xb7\x21\x28\x89\xf6\x8b\xca\xb1\x35\x19\xd7\x9e\xb1\x5c"
	"\xb2\xa7\x76\xf2\xf7\x07\x0d\x92\x22\x41\xa2\x01\x9e\x87\x49\x2c"
	"\xf4\x22\xee\x97\x06\xd0\x58\x9d\x9d\x8c\x03\x4c\x78\x6c\x83\xeb"
	"\x34\x9e\xc3\xe0\xe1\x8c\x90\xf4\x74\x48\xe1\x62\x73\xf4\x32\x02"
	"\x1e\xb3\x36\xd6\x81\x08\x22\x91\xbc\xa7\x89\xfe\x4e\xbf\x8c\x49"
	"\xca\x6a\xdb\x0f\x3e\x81\x09\x9b\x0d\xd5\xa5\x6e\xe3\x62\xb6\x9d"
	"\xc4\x1a\xa3\x08\xe9\x00\x0a\x4e\x4e\x1a\x2b\x36\xf3\xf9\xc9\x26"
	"\xe4\x9a\x1d\xd9\x77\x2d\x23\x0f\xca\x46\x5a\xbf\xa1\x01\x47\xce"
	"\xda\x1a\x0f\x13\x38\xc0\x82\x6b\x8d\x6c\xb3\x19\x3f\x61\x07\x4a"
	"\xca\x9a\x88\xa6\xc7\xe5\x71\x3f\x98\x65\x14\xe6\x63\xe9\x0d\x29"
	"\xe1\x25\x05\x02\x24\x25\x39\x19\xff\xa0\x7f\xae\xcb\x3f\x1f\x98"
	"\x39\x88\xb0\x86\x9b\x4d\x7d\xf6\x25\xd2\xbc\x1f\xa9\x23\x89\x08"
	"\x4a\xc3\xf3\xe6\x7e\x20\x2e\x8a\xd1\xe4\x7f\xf6\xf9\xcf\xfb\x65"
	"\xf6\xcb\xcb\xeb\xc7\x7f\xfe\x67\xf6\xf9\xf4\xce\x67\xba\x20\xfc"
	"\xad\xc8\x92\x5f\xbb\x92\xb5\xdc\x3d\x4c\x2a\x1b\x70\xc7\x89\x50"
	"\x75\xdf\x6c\xc5\x19\x43\x00\xf7\x58\x0b\xed\xf7\x6c\xab\x17\x23"
	"\x3a\x88\x28\x37\x0c\xe1\x92\xa4\x08\xfd\xa9\x80\x34\x4c\x76\x58"
	"\xcd\xb1\x00\xc8\x57\x9b\xd1\xd0\x55\x5e\xd9\x12\x9b\xc8\x7c\x44"
	"\xe2\x8b\x9c\x8e\x5b\x5c\x86\xf0\x35\xcf\x80\xa0\xe2\xbf\x06\x10"
	"\x23\x6c\x0a\x24\xa6\x6b\xfe\x3f\x0d\xa6\xc8\xb5\x5d\x14\xf4\xac"
	"\x18\xd8\x2b\x25\x97\x0d\x42\x52\x62\xae\x14\x84\x54\xdc\xb0\x71"
	"\x95\x63\xa3\x49\x7c\x47\xeb\x5c\xe2\x88\x03\xd7\xa3\x83\x10\x97"
	"\xe3\xe3\x59\xca\xfc\x39\x0f\x92\x80\x12\x4d\x3c\x9a\x7e\x94\x31"
	"\xb8\x5e\xa3\x25\x1d\x92\x46\xf6\xd9\x12\x73\xe0\xc0\xba\x93\x97"
	"\xfc\x23\x71\x63\xa9\xa6\xae\x50\x45\x23\x96\x20\x04\x5d\x62\x9e"
	"\xd5\x30\x8b\xf1\x79\x0b\x78\x45\xf8\x4c\x3a\xe6\x17\x0b\xa5\xdc"
	"\x70\xa4\x76\xc2\x08\x93\xba\x4a\xfb\xfc\x79\xc0\x9b\x47\xb3\x41"
	"\x2c\xf5\xdd\x75\x4d\xdb\x21\x68\xbb\x85\x76\xa3\x1e\x4b\x1c\x2e"
	"\x38\xcc\x06\x51\xb0\x94\xe4\x6c\x87\xf1\x72\x25\xe7\x72\x47\x53"
	"\x98\xbc\x8e\x14\xae\x14\xb0\x4b\x20\x88\x7c\x58\x3d\x7d\x61\x54"
	"\x10\x4c\x04\x04\xdb\xc8\x02\xcd\xa5\x30\x7b\x63\xb2\xc7\xa8\xc8"
	"\xd0\x58\x85\x4b\x3a\x82\x30\xa1\x89\xaa\x1b\xd0\xd5\x75\xa2\x9a"
	"\xeb\x72\x50\x4f\x7c\x83\xaa\xe6\xa0\xbe\x2f\x57\x83\x0f\x9a\x35"
	"\x4c\xb0\xa7\x82\x76\x15\x89\x7d\x15\x18\x19\x71\x3d\xf0\x6c\x3b"
	"\xbe\x2e\x2e\xe4\xb3\x4e\x33\xea\x90\x9b\x28\x18\x36\x29\xbe\x2d"
	"\x0c\x6b\x5b\x1b\x61\x6b\xc7\xd0\x27\x4b\x7c\xc5\x8e\x06\x71\xb6"
	"\x2a\x43\x93\x28\x38\xec\xe2\x7b\x01\xbe\x1f\x13\x46\x42\xb5\x1a"
	"\x51\xab\x9f\xa1\xba\x5c\x59\x94\x88\xc3\x78\x96\x6d\x4a\xa0\x82"
	"\xec\x51\xf7\x82\x88\xc7\x01\x4f\x15\xd5\x65\xba\xfb\xfa\x2d\x10"
	"\x5e\xf9\x91\xc1\x7b\x1a\xdd\x79\x85\xbb\x01\x9c\xa5\x21\xda\x7f"
	"\xd1\x33\x93\xe8\xcb\x81\xc4\xbc\xea\x95\x4e\xbe\x36\x23\x7f\x1f"
	"\x65\x84\x31\x03\x91\x00\xe5\x5c\x3f\x56\x98\x84\x7f\xc5\x22\xd4"
	"\x87\x42\xa3\x1e\x63\x62\xa0\xc8\x46\xe9\x75\x41\xd8\x1a\x2c\xc5"
	"\xca\xd2\x95\x07\xe9\xe1\x1a\xff\x79\x3e\x8a\x7a\x2d\xb8\x3e\x71"
	"\x46\x92\x3d\x62\xe4\x83\x69\x3c\xe0\x65\xac\x57\x6d\x60\xf3\xed"
	"\x28\xca\x5e\x64\x5a\xac\xf0\xf5\xe3\xf3\xf6\xfa\xe7\x4f\x78\xed"
	"\xc0\xfe\xfb\xfa\xf9\xfc\x6d\x46\x6e\xcf\xdf\x5e\x3f\x2f\xcf\x9f"
	"\x3f\x81\x41\xec\x0e\xef\x9a\x0b\x98\x24\x30\x77\x31\xf9\xee\x01"
	"\x23\x08\x86\xeb\x42\xa0\x99\x67\xfe\x6a\xe5\x29\x1f\xa1\xe7\x79"
	"\xef\xce\x89\xff\x38\xaf\x59\x08\x47\x17\x72\x20\xef\xc7\xb1\xe4"
	"\xa2\x10\x02\x87\x86\x0a\x10\x96\xe4\xf9\x00\x25\xa6\x2c\x99\x02"
	"\x98\x07\x67\x32\x2a\x8b\xfb\xce\x3a\x21\x20\x4f\x99\x1c\x0f\x91"
	"\x37\x0e\x10\x04\x21\xe7\x52\x9e\xa2\x58\xac\xf4\x73\xce\xe2\x5d"
	"\x20\x9f\x66\xd4\x0c\xe6\x60\x8e\x26\x93\xf6\x89\xc3\xa5\x32\x40"
	"\x4f\x5b\xf6\xe4\x84\x75\x06\x71\x80\x14\x6d\x09\x43\x8c\x4e\xc4"
	"\xd9\x5c\x19\xfb\x36\xc2\xa6\xd8\xc9\x71\x3e\x43\x3e\xa4\x96\x7e"
	"\x55\xa1\x72\xfe\x0f\xeb\x27\x20\xa6\xf9\x6e\x90\xfb\x96\xf5\x9a"
	"\x47\xdc\xe3\x26\x07\x27\x4b\x7c\xb9\x08\x33\xbe\x01\x0c\x93\x32"
	"\xda\x23\xb2\x72\x27\xeb\x23\x3b\x8d\xd6\xc4\xa5\x8b\x7d\x8c\xa4"
	"\xdd\xc5\x98\xf4\x39\x90\xfb\xa2\x75\x91\x11\xe8\x9b\xb2\x87\xaa"
	"\x20\xd9\xf0\xe9\xc4\x10\x6b\xc0\xf5\xc6\x4c\x1d\x2b\x18\x37\xc5"
	"\xb8\xa8\x60\x54\x52\x4f\x77\x19\xd0\xf7\x19\x92\x4b\x48\xc1\x15"
	"\x43\xe9\x3b\x3e\x42\xa3\xa2\x44\xd4\xd1\x04\xce\x6a\xa3\xca\x14"
	"\x6b\xc3\x6e\xa7\xce\x6c\x41\xe4\x41\x26\xc9\x22\xa0\x1e\xc4\x84"
	"\xfd\xbd\x62\x5f\xc0\x4a\x75\x78\x89\xe0\x1f\x1f\x42\x32\x1a\x4b"
	"\x8f\xa1\xed\x20\x0c\xa7\xed\x28\x2c\xf8\x02\xc6\x44\x4c\x63\x76"
	"\xcb\x37\xf0\xd8\x3d\x3b\xbd\x02\x25\xfb\x2f\x8d\x3f\x83\xd7\xb7"
	"\xbf\x66\xd7\x9a\xe0\xfb\xd7\xd9\xe7\x95\xa3\x2f\xb3\xcf\x6f\x2d"
	"\x4a\x31\x7b\x9e\x30\x57\x03\x2c\x4c\x31\xca\x58\x05\x3f\xe3\xfb"
	"\xcf\x4f\x74\x8b\x4e\xd3\xfc\xd0\xf7\x20\x09\x3f\x5b\x23\xd2\x2e"
	"\x3d\x11\xba\xd9\xc0\x39\x1b\x78\x0d\x50\x67\x4a\x80\x60\x1d\xc3"
	"\x5c\x58\xd4\x08\x26\x3c\x17\xec\x13\xc4\xb4\xbb\x06\x25\xa4\x2c"
	"\x68\x35\x04\x89\xf2\x1c\x3e\x2e\xb7\xef\x70\xe6\xf8\xfa\xf6\x79"
	"\xb9\x7d\x7d\x1a\x30\xe0\x36\xdf\xc3\xeb\x02\x7d\x3e\xfe\xc8\x1e"
	"\x06\x00\x49\x1c\x1d\x07\x4c\xc8\x6d\x30\x36\x4b\xd4\x72\xae\x94"
	"\x8a\x5b\x0c\x3d\x44\x3c\x11\x42\x5a\x0a\x63\x8e\xbf\x7f\xbc\xce"
	"\x48\x21\xed\x94\xda\x30\x3e\xe3\xa9\xa7\xff\x1e\x20\xf7\x3c\xdf"
	"\x9f\x02\x5a\x19\x40\xe5\x1e\xa1\x2d\xbe\x43\xbe\x94\xb6\x85\x70"
	"\xeb\xf6\x30\x8e\xbd\x30\x60\xe2\xbd\x31\x29\xf4\xd2\x4c\x42\x88"
	"\xce\x19\x19\xa2\x2a\x03\xb2\x98\xdb\x0b\x23\xc8\x9f\xdb\x86\x7a"
	"\xac\xfb\xb0\xa1\x6c\x89\x3f\x60\x6f\x53\x63\x5c\xd7\x94\x56\xb5"
	"\xc4\x88\xe5\x3a\x50\xc0\x0c\x80\xbc\xb0\x1d\x5b\x8f\x49\xa3\x53"
	"\x89\x98\xde\xdf\x31\xe0\x82\x07\xd4\x7d\x43\x72\x8c\x24\xec\x80"
	"\xec\x00\x3a\x50\x99\x9d\xc8\x09\xa1\x32\xef\x50\x87\xd4\xd8\x49"
	"\x32\x3e\x9b\xcc\xf5\x90\xca\xdc\xab\x03\x92\xdb\x76\x65\x68\xd6"
	"\x75\xa0\x32\x37\xeb\xea\xb9\xec\x2d\x69\x59\x1a\x81\x51\x56\x11"
	"\x89\xc3\xa1\x34\x13\xc4\x6b\xcd\x25\x56\xa7\xed\x9f\x32\x35\x48"
	"\xc5\x3e\x2f\x45\x98\x81\x06\x6e\x88\xaf\xc3\xa8\x72\x9d\x87\x35"
	"\x8f\x5c\x9c\x17\x60\xbd\x17\x76\x8f\x84\x85\xe8\x24\x6c\xca\x60"
	"\x2f\x09\xa8\xc1\x09\xb9\xb0\x0d\x83\x82\x4b\x2a\x45\x96\x0a\x9f"
	"\x13\xf0\x2c\x81\xa7\x79\x46\x7c\xf9\xf4\x66\x72\xfd\x34\x0e\xee"
	"\xc5\xf7\x1a\x88\xf0\x7e\x5a\xa2\x33\xbd\xb8\x4c\x63\x7c\xbf\x11"
	"\xc9\x1b\xac\x2e\x18\xca\xa2\x7e\xbb\xd3\xc3\x8c\x39\xdc\xf8\xbe"
	"\x7f\x07\xfc\x44\xc6\x4f\xc5\xfd\x48\x16\x67\x09\x32\xb0\x86\xd8"
	"\x4d\x16\x80\x5e\x04\xbe\xd7\xd8\xa4\x0f\xb6\xa5\x6d\x7b\xf6\x24"
	"\x68\x5a\xba\x8b\xbf\xff\xfe\x5b\xb5\x01\xed\x17\xb6\x00\xc7\x3d"
	"\x25\x95\x5d\x12\xf7\x11\x24\x64\x4b\x7f\xbe\x30\xa6\x49\xc2\xa5"
	"\xbf\x5c\x4e\x83\xad\xcc\xb0\xc2\xb6\x1c\x1b\xa5\xae\x91\xa0\xa0"
	"\xb0\x9f\x13\xc4\x55\x8f\x84\x3c\xf0\xa5\x83\x56\x01\x2d\x8c\xd0"
	"\xf5\xc1\xb1\x2d\xdb\x35\xe2\xe0\x82\x17\x2e\x97\x69\x90\xfa\x2e"
	"\xb2\x90\x48\xf8\x07\x3f\x28\x93\xad\x6d\x5b\x13\xa0\x65\xc9\xf2"
	"\xd1\xe9\x8c\x06\x3b\x9f\x06\x06\x8a\xa7\x1c\x39\xe2\xeb\xe3\x76"
	"\x24\xc9\xd9\x8e\x4e\x88\x31\x8a\x4a\x6a\x06\x6d\x49\x8c\xf8\x35"
	"\x1a\xc3\xc0\xe7\x00\x25\xb1\x11\xbd\x39\xfc\x41\x4b\x76\x30\xe2"
	"\xb6\x59\x16\x52\x73\xe2\x34\xa6\xbc\xdd\xcd\xb8\xed\x21\x7d\x9c"
	"\x50\x2d\xfb\x72\xe3\xd8\x8e\x79\x50\x44\xd8\x39\x95\x0c\x32\x37"
	"\xd9\x89\x70\x8d\xf4\x7c\xf2\x2d\xcb\x9e\x88\x9d\x32\xc2\xb8\x52"
	"\x62\xdb\xfe\x84\x28\xb9\x62\x02\x6c\x17\x66\x5c\xc2\x6c\x7b\x6e"
	"\x86\x45\xf1\x86\xf0\xb5\x85\xe6\x13\xb0\xe2\x87\xb9\x81\x93\x6a"
	"\x71\x88\xf9\x74\x6b\x2e\x35\x4d\xa3\x8a\x9a\xab\x3c\xd9\x2f\x11"
	"\xef\x0f\xd2\x3c\x1b\xa5\x09\xdc\x41\x9b\x5b\x39\xe4\x1b\xb4\xd2"
	"\xab\x2c\xf3\x8c\x2b\xfe\x2e\xc0\xb6\x6b\x1a\xf4\x44\xcd\x9d\x6c"
	"\xe2\xf4\x78\x0a\x4b\x7f\x59\x55\x93\x7a\x8f\x38\xd0\xca\x92\x3c"
	"\x63\xb4\x8c\xa6\xe5\x94\xf2\xdd\x84\x79\xee\x2d\x81\xfd\x34\x2a"
	"\x26\xb4\x11\x47\x3a\x96\x35\x9f\x88\xf3\x26\xe2\xcc\xe3\xba\x48"
	"\xa6\x2c\xec\x8c\xc6\x11\x09\x27\xc0\xd8\xa4\xfa\x66\xa5\xed\xb8"
	"\xe6\x1e\xc9\x0e\xe2\xf1\x22\xee\x7d\x42\x02\x57\xfe\xc2\x9b\x50"
	"\x7f\x39\x5b\x78\xd6\xd2\x3c\x7f\x3e\x0a\x5e\x76\x73\xfd\x65\xbb"
	"\xa4\x5e\x8a\x95\xcc\xd8\x8d\x62\x49\x59\x30\xde\xdf\x73\x3d\xc3"
	"\x9e\x57\x1a\x65\xb2\x56\x1b\xf8\x2e\x00\x9f\x38\x6a\xe0\x3a\x21"
	"\xd8\x79\x69\x73\x94\xe0\x56\x16\xcf\x65\x89\x6d\xa7\x9a\x6c\x26"
	"\x7c\xab\xa9\x8d\x27\xc9\x0f\xae\xa5\x45\x6c\x73\x84\xa8\xbb\x15"
	"\x83\x4b\x81\x28\xca\x11\xfe\xbe\x1e\x0a\xf8\x9b\x74\xdb\xe8\x1e"
	"\x34\x8c\x80\xa5\xb8\xd0\x56\x25\x15\x9e\xd5\xca\xc8\x31\x1c\x97"
	"\xec\xb2\x22\xd4\x43\x58\x4e\xd2\x26\x32\x1d\xb0\x2a\xff\x58\x69"
	"\x4f\xaf\x4e\x40\x7c\xad\x8d\xe3\x21\x22\xa8\xf1\x49\x8d\x08\x12"
	"\xdb\xd2\xa5\xd2\x71\x9f\xef\x78\x37\x52\x92\x70\xd7\xc0\x43\x7b"
	"\x3a\xa7\xa8\x5f\x5d\x29\x82\x8d\xef\x2d\xe7\xa6\x06\x82\x7d\x4a"
	"\x01\xac\xa4\xc6\x76\x0a\xab\xd8\xd5\x0e\x0a\x9a\x30\x9e\xea\x41"
	"\x5b\x27\xc4\xc5\x96\xf8\x1a\x11\x16\x47\x67\x61\x55\x4d\x9d\x30"
	"\x13\x72\xe1\x4d\x46\x2e\x55\x48\x71\xe2\xb6\x79\x7d\xfb\xeb\x72"
	"\x7b\xbf\xbd\xbe\x7d\x8e\x8f\x46\x77\x07\x72\x8a\xe8\x79\x43\xd3"
	"\x6d\x54\x08\xe3\x3b\xec\x31\x9e\x02\x82\xf8\x95\x1d\x44\xa8\x66"
	"\xcf\x4f\xe8\x58\x23\x17\xd9\xdd\x3d\xdd\x5e\xc4\xbb\x63\xfa\x7b"
	"\x36\x1b\xdb\xda\xa0\x6b\x1a\x30\xfe\x29\xcd\x39\x83\x6f\x4f\xb7"
	"\xa7\xe7\xcf\xcb\xad\xe7\x4b\xac\x9d\x4f\xe5\xeb\x29\xa5\x0f\x95"
	"\x43\x4a\xab\x95\x7f\xce\xcb\x87\x3e\xe7\x80\xf0\xbb\x84\x06\x36"
	"\x76\x87\xf6\x42\xce\x38\xdf\x37\xa7\xb5\x69\x52\x48\x90\xb1\xce"
	"\xd5\x67\x86\xec\xa5\x0b\xc1\xd4\xa3\xf6\x02\xba\xe3\x51\x0a\xf6"
	"\x91\x07\x56\x7c\xa9\x4d\xcc\x65\x77\x91\xc7\x24\x4a\x10\x3f\x90"
	"\xc7\xfd\x40\xd6\xb0\xda\xdc\x5e\x9f\xbe\xf7\x0e\xec\xe5\x72\x08"
	"\x1f\x3b\x41\xff\x0d\x7d\x23\xf0\x1d\x4f\x7a\x52\xd0\x0b\xe6\x69"
	"\xe5\x45\x54\x13\x02\x81\x71\x2a\xaf\x0a\xc4\xb5\x53\xf7\xc9\x06"
	"\xae\x79\x54\x25\xee\x83\x46\x86\xa2\x52\xa2\xc2\xb6\x4e\x21\x48"
	"\x0b\x61\x66\xca\x3a\xd6\xb7\xbe\xb4\xe0\x0d\x48\x93\xe8\x0e\x51"
	"\xe6\x0e\x1c\x38\xa4\xa1\xd2\xfc\x40\x2a\x04\x8b\xd1\x2a\x39\x19"
	"\xab\xa0\x28\x1d\xdf\xaf\x0c\x49\x24\xe5\xc2\x5b\x2e\x15\xa9\x64"
	"\x9b\xbb\x71\xd2\xa8\x8d\xd3\xeb\xdb\x6f\xf0\x35\x0f\x11\x8d\x2d"
	"\xee\xc3\x15\xce\xca\x9a\xa8\xc0\xa5\x2b\x8f\xcc\xb2\x2d\x5d\x9e"
	"\xef\x28\x5b\x87\x6a\xfb\x8f\xf0\x79\xc9\xa2\x84\xee\x32\xd4\x1b"
	"\x98\xf8\x80\xef\xb3\x5c\xdb\xb2\xcc\x90\x4a\x07\x81\xd6\x8c\x07"
	"\xaa\xb6\x8c\x90\x3d\x43\xf7\x02\x7b\xbd\x6c\x18\x2b\x0b\x82\xb4"
	"\xca\x75\xe9\xb2\xc0\x5e\x50\xb6\xac\xb4\x99\x6b\x3c\x90\x81\x6d"
	"\x3a\xe4\x73\x02\xd4\x04\xa3\x9b\x6a\x51\x2d\xb4\x95\x56\xc1\xf5"
	"\x7f\x75\xce\x99\x31\x32\x52\x04\x3a\x31\xef\xe4\xe7\x38\x37\x45"
	"\xc2\x7f\x45\x15\x70\x1f\x84\x74\x4b\x05\x97\xb7\xb6\x45\xc1\xc0"
	"\x5c\x78\xf3\xd2\x99\x9d\xf0\x59\xbc\xb1\x1b\x57\x2f\x48\xc7\xe0"
	"\x1c\x06\xea\xbc\xd3\x3c\xa1\x62\xf2\x8c\x11\xe5\x60\x07\x7e\xb7"
	"\xd2\x30\x53\x4f\x9e\x85\xbb\x92\xdf\x9f\xd7\xef\x07\x6a\x93\xc3"
	"\x67\xc5\xba\xd3\xb3\x10\x3e\xe9\xdc\xf7\x96\x01\xff\x87\x38\x56"
	"\xe2\x2d\x16\x3f\x0c\x18\x5e\xda\x58\xf3\x44\xb2\x0e\x82\xdf\xc2"
	"\xc1\xcd\x19\xbb\x26\x14\x08\x46\x15\x37\xaa\x7c\x37\x35\xbe\x48"
	"\xed\x3b\xe2\xe5\x3f\xce\xe2\xa8\x9f\xa6\x9b\x4c\x0e\x86\x2d\x2d"
	"\x91\x75\x3a\x08\xdd\x71\x30\x76\x5d\xc9\xe5\xc9\x41\x35\xcb\x81"
	"\xa4\xf1\x92\x0c\x84\xdc\x72\x42\x24\xde\x66\xf5\x73\x97\x7b\xa6"
	"\xef\xfa\x03\x38\xdf\xeb\x4a\xd0\x15\xea\x9f\x8f\xcf\xcb\x8f\xd9"
	"\x9f\xe0\xc8\xb7\x5e\xdc\x66\xbf\xfc\xb8\x7e\x7c\x7e\xff\x67\x76"
	"\xf9\xf1\xe7\xe5\xe5\xe5\xf2\x32\xfb\xbd\x41\xfd\xc6\x27\xc8\xe7"
	"\x6f\xaf\xef\xbf\x4a\x97\xaf\x50\x14\x12\x46\xd8\xe3\x21\x21\x07"
	"\x12\x1c\x5c\x83\x75\xc0\x1e\x1d\x78\x74\x85\x77\x69\xd5\xfc\x2c"
	"\x61\xa3\x24\x42\x08\x7f\x40\x3a\x4c\xa6\x5f\xa3\xe5\x7e\xd8\x08"
	"\x69\x96\x90\x90\xee\xd1\xd8\x32\xfc\x4e\x0b\xc4\x79\x40\xcc\xf9"
	"\xcd\x2b\x0e\x0a\x28\x2a\x2f\xf6\x6e\x85\x0a\x79\x67\x2c\x11\xf3"
	"\x33\x10\xd7\xf3\xd5\xd8\x16\xe1\x6f\x3e\xd0\xde\xf8\x1a\xc6\x31"
	"\xbf\xb3\x04\xda\xfe\xe9\xe5\xe9\x5d\x8c\xbe\xb1\xcd\x81\x68\x00"
	"\x9a\x81\x79\xc4\xc1\xc1\xd3\x6a\x9c\x08\xd7\x0c\x53\x78\x69\xb2"
	"\x75\x56\x6e\x0e\x8f\x8f\xe7\x8c\x21\x7e\xe2\x01\x56\x92\x8c\x9d"
	"\xa3\x23\x5e\x6b\x40\x09\x02\x07\x42\x08\xbd\x5e\x57\xb0\x5e\xd7"
	"\x1d\x16\x8a\x95\x08\x73\xb4\x10\xc6\xe4\x18\x69\x3a\x24\xd8\xf5"
	"\xa2\x87\xe4\x1d\x04\xc6\x9c\x01\xa2\x9e\x9d\x6a\x97\xdd\x3d\xf7"
	"\x26\x14\xe5\x7a\x03\x59\x42\x58\x6d\xc1\x56\xeb\xa3\x39\x9d\x25"
	"\x4f\x1f\xd0\xa0\xc1\xf5\xed\xf3\x76\xfd\x0e\x8c\x44\xe1\xb8\x1a"
	"\x84\x21\xbe\x58\x1e\xd5\x2b\x0b\x88\xab\xda\x5e\xbf\xf6\x55\x81"
	"\xc2\xf8\xc4\xb2\x26\xc8\xd5\x2d\xc8\x75\x93\x40\x5d\xb8\x76\x88"
	"\xa3\x10\x74\x8a\x00\x21\xac\xa8\x83\x03\xa8\x7e\xf5\x70\x8d\xaf"
	"\xaa\x86\x15\x9a\xd5\xfd\x08\x8d\x93\x2b\x66\x8e\x83\x4b\x2b\xe2"
	"\x54\x15\x3a\x76\x01\x52\x64\xc1\x1e\x2e\x76\x50\x00\x57\x75\x7c"
	"\xca\x16\x16\x9e\x4a\x35\xa4\xa9\x95\xa5\xa3\x01\x2e\x89\x1f\x1f"
	"\xd2\x2f\x49\x7e\xde\x7e\x19\xd4\xcc\xbd\x93\xe4\xb7\xeb\xe7\xf5"
	"\xf9\xfa\xbd\xe9\x2d\xa3\xbe\xc1\xff\x61\x8b\x10\x88\xc1\xdb\xf6"
	"\x5a\x58\xb5\x47\x98\x42\xca\x51\x65\x1c\x2d\x9c\x0a\x51\xac\xb8"
	"\x4e\xa1\xd6\x25\xd8\x38\xc7\x79\xce\x54\x1a\x77\x9e\x33\x25\xf4"
	"\xaf\xcb\xdb\xe5\xf6\xf4\x79\xbd\x8d\x96\xb6\xbc\xcc\x67\xcf\xc2"
	"\xc5\xa6\x2a\xba\x32\x3f\xdb\x9e\xef\xc3\x6b\x4f\xf9\x16\xb9\x6f"
	"\xc8\xd5\x98\xaa\x82\xd9\x51\x1a\x95\xc2\xb7\x09\x0f\xaa\xdf\x85"
	"\x95\x24\x11\xce\x11\x7b\x16\x5d\x4f\x2f\x2f\xc2\x59\x28\x50\xa3"
	"\x41\xc2\x1f\x3d\x9f\xa1\x1c\x0b\xcf\x2f\xef\x3e\x37\x5f\xdf\xe0"
	"\x21\x60\x33\x6a\x3f\x24\x5c\xcd\x42\xd4\xfb\x8e\xff\xd5\x63\xe1"
	"\x8d\xd2\x08\xb8\xcc\x3b\x41\x6f\xe7\x0a\x53\x4d\x93\x92\xda\xf6"
	"\xb6\x96\xf1\x2d\x49\xa8\x95\xd7\x7e\x6e\x54\xf6\xb7\x0d\x40\xb2"
	"\x65\xe8\x02\x1b\xa2\xe8\xfe\x6b\x48\x38\x1d\x11\x46\xb5\x40\x18"
	"\x0a\x8f\x67\x9b\x59\x40\xf5\xf9\x9e\x2f\xc6\xe7\x43\xce\xca\x22"
	"\x22\x49\x9f\x78\x98\xaf\x4c\xb4\x47\x01\xcf\xb7\x70\x10\x36\x2e"
	"\x3b\x3a\x7b\xd4\x64\x8b\xc3\x27\x38\xfd\x27\xa7\x3f\x9e\xde\xdf"
	"\xb9\xa2\x23\x62\x50\xac\x25\x22\x82\xe5\x9c\xcf\x05\x49\xa2\x4b"
	"\x43\x33\xd1\xd6\xe7\xa3\x27\x92\xaf\x71\xf1\xbd\x75\x75\x1a\x45"
	"\x8d\x2c\xf4\x85\x4d\x32\x20\xf6\xc7\xe5\x7c\xde\x5b\xd8\xda\xba"
	"\x0a\x90\x13\x6a\x21\xaf\x20\xa7\x1a\x31\x3e\x67\x09\xf9\x63\xa5"
	"\xd4\xaf\x45\x91\x2e\x7f\xbf\xf3\x11\xa7\xaa\x7f\x9d\x21\x5b\x03"
	"\x48\x35\x45\x16\xe6\x52\xc8\x8e\xb9\x03\x38\x9a\x6c\x73\x65\x6f"
	"\xe5\xb9\x5a\x00\x1c\xc2\x6a\x00\xac\xb2\x3d\x4b\x23\x2f\x73\x1a"
	"\x38\xbe\xad\xc9\x64\xc9\xe6\x2b\xb9\x10\x75\x37\xde\x84\xe3\xea"
	"\xbb\xaf\x01\x86\x8a\xe5\x1d\xdb\x46\x78\xc3\x7a\x35\xa7\xe9\x2e"
	"\x49\xe0\xba\xbe\xaf\xc9\x75\x4e\x59\xc6\x0a\xe5\xfa\x74\xbd\x4d"
	"\x69\xfb\x24\xc8\x1d\x97\x59\xfe\xd8\x32\x94\x2b\x88\xf8\xb7\x27"
	"\x75\xa6\x6b\xbe\x04\x72\x54\x69\x65\xb5\x6c\x74\x64\xd8\x0b\xc6"
	"\xe7\x99\x21\x08\xfe\x2c\xb1\x13\x80\x3e\x38\x2e\x03\x67\x85\x18"
	"\xd2\xf7\x71\x53\xe3\xc3\xc7\x67\x1f\xa5\x19\xe5\x63\x58\x1d\x34"
	"\x78\x0e\xdc\x2d\xf2\x35\xa6\xb1\x2d\x43\xac\xca\x3a\x4e\xcc\xf8"
	"\x61\x5c\xb7\x75\xb8\xc6\x24\x3f\x0f\xc9\x79\xe4\x31\xba\xeb\x26"
	"\xcd\xdc\x09\x44\xc0\x6b\x52\xf2\x79\x58\xad\xf5\x81\x1e\xa3\x89"
	"\xa6\xf9\xf4\x1c\x32\x67\x89\xf4\x68\x09\x62\x9b\x21\x8e\x16\xc2"
	"\xd6\x4c\x2b\x5f\x7f\x71\x96\x15\x72\x50\xd6\x62\xc0\xe8\x62\x69"
	"\xcd\xad\x29\x20\x07\x79\x47\x5c\x7b\xdc\xa5\x2c\x07\x90\x16\xc3"
	"\x23\xf2\x57\x96\xab\xc5\xc4\xb9\xbf\x44\x8c\x59\x5a\x08\x3a\x8a"
	"\xba\x74\x52\xb2\xc5\xdc\x8b\x35\x18\x5e\x3b\x73\xdb\xab\xcc\x98"
	"\x95\x65\xc4\x38\xde\xd2\x88\x59\x22\xfe\x99\x7b\x18\xcf\x37\xa4"
	"\xc5\x77\xad\xee\x7c\xa9\x6d\xab\x2d\x39\x6c\xa3\x7a\x56\x98\xdb"
	"\xda\xc8\x8a\x72\x35\xf7\x54\xbe\x3c\x9a\x9b\xac\xce\x03\x72\x77"
	"\x7b\xd5\x3c\xcd\xe8\xba\x60\x16\x1f\x34\x4e\x8e\xea\xcc\xb4\x84"
	"\x96\xae\x35\xf2\x1d\x58\xd3\x66\x00\x0a\xa3\x0c\x0c\x43\x0a\x09"
	"\x90\xf8\x9e\xa6\xb0\xcf\x1c\x32\x0e\x8f\xb2\x5a\xcf\x0c\x51\x85"
	"\xd2\xff\x9f\xe0\x01\xbc\x92\xd4\xa7\x21\x4e\x68\x78\xc3\x37\x9b"
	"\x3a\x7a\x89\x21\x43\x10\x6c\x80\xad\x6a\x54\xd5\x96\xa9\x40\x25"
	"\xab\x8e\x6d\x0c\x53\xbb\x08\xa8\x33\x54\x27\x3a\x7c\xfa\xaa\x68"
	"\xb9\x85\x37\xf2\x3f\xd2\x48\x0f\x69\x4c\x13\x5a\x22\x57\xee\xc2"
	"\xa5\x9d\xca\x5c\xb3\xf6\xe1\xdc\xe5\xbd\x75\xea\x2c\x73\x73\xb4"
	"\xa1\xf0\x06\x55\x34\x1e\x57\xce\x95\xfe\x09\x5b\x60\x9f\xab\x18"
	"\x76\x83\x27\x61\x15\x2d\x4e\x35\xe9\x5a\xbe\x03\x50\x7d\x22\xbc"
	"\x6e\x9d\x28\x62\xd3\xab\xfa\x62\x43\x68\x01\x4f\x54\x8b\xe9\x9f"
	"\x74\xdc\xd3\x93\x3f\x69\xf4\x00\xa0\x90\x45\x9e\xb4\xb7\x5f\x4d"
	"\x2c\xf4\xff\x23\xeb\xd3\xeb\xa5\xae\xf4\x74\x7b\x46\x4f\x5f\xfa"
	"\xc8\x89\xd5\x60\x28\xbe\xc4\x3d\xdd\x7c\xa3\x8d\x2f\x4a\xc0\xbc"
	"\x01\x73\xc7\xf0\x25\x2b\xe8\x17\x55\x3c\x42\x59\x23\x01\xd7\x03"
	"\xf9\x4e\xd1\x9d\x73\xdd\xf8\xb3\x66\x15\x52\xee\xc2\x7a\x4b\x3c"
	"\x16\x57\x79\xfb\xf9\x21\xfb\x1e\x11\x34\x2a\x18\x19\x5b\x23\xad"
	"\xb5\x8e\x8d\x91\xd6\x87\xe7\x80\x46\x8f\x6a\xd7\x21\x82\xee\x25"
	"\xcc\x24\x0a\x97\x36\x0c\x3f\x47\xbc\x23\xd2\xec\x44\x1e\x32\xc4"
	"\xa3\xec\x1d\xa5\xde\xc4\x9e\x9e\x3e\x9f\xbf\xbd\x5c\xff\x1a\xbf"
	"\x23\xea\x26\x26\x78\xf3\xdd\x46\x83\x2b\xea\x5a\x44\x73\x37\xa6"
	"\xc5\x3c\x52\x5a\x00\x0d\x84\x16\x24\x2e\x39\x73\xdf\xf2\x26\xc0"
	"\xd6\x8c\xe8\x51\xcd\xb1\xa3\x1e\x14\x9e\xf4\x72\xae\xd3\x2c\xdc"
	"\xca\x50\xb6\x04\xec\xc2\x1d\x1b\x2c\x1a\x55\xfb\x90\xdf\xfe\x7c"
	"\xfa\xb8\xbc\x74\x8d\x11\x3c\xdd\x5e\xa4\x36\xe0\x98\x3c\x50\xa5"
	"\x20\x37\x62\x7e\xbb\x7c\xbe\xfe\xb8\x5c\x7f\x7e\xce\xb6\x57\xde"
	"\x8e\x6f\xd7\xe1\x0b\xc1\xa6\x33\xf0\xd5\x08\x0e\xa3\xb2\x83\x98"
	"\xcd\x50\x9f\x81\xf7\x6e\xa9\x08\x6d\x68\xa7\x95\xd4\x45\x9d\xf8"
	"\x7c\xb4\x0d\xb1\xdf\x81\x03\x37\x04\xa7\xf0\xbc\xa7\x32\x1f\x19"
	"\x13\xcc\x75\x8c\x35\x73\x68\xbd\x11\xbc\xbe\xbd\x3e\x7f\xcc\xd8"
	"\xeb\xf7\xd7\xe7\xeb\xdb\x6c\xfd\xf4\xfc\x9f\xf7\xef\x4f\x6f\x17"
	"\xa9\x07\x33\x95\x93\xc0\x75\x90\x90\x51\x74\xeb\xdb\xf5\xe9\xe5"
	"\xf9\xfa\x63\xf6\xf1\x7e\x79\x7e\xfd\xfa\xfa\x3c\x83\x5b\xf8\x7e"
	"\x64\xf0\xd9\x78\x13\x0d\x84\xf8\x5f\x7f\xbe\x3d\xc3\x31\x5e\xfb"
	"\x7a\x72\x64\xf1\xc1\xb7\xda\x23\x5e\x03\x08\x23\x41\xe9\x73\x5d"
	"\x4c\x7d\xfa\x23\x00\xcc\x5d\x22\x56\x00\xad\x18\x39\x8b\x16\x4f"
	"\x71\xc4\xf1\x07\xe6\x49\x0f\xbe\x27\xa5\xe3\x2f\x2d\x7c\xaa\x11"
	"\x20\x61\xc9\xb8\x89\x23\x38\x74\x36\xa0\x76\x71\x80\xbc\x2d\x04"
	"\x0c\xaf\x41\x6f\x65\x21\x1b\x13\x11\x49\x95\x3b\x16\x6e\xf6\x2b"
	"\xaa\xb1\x80\x3b\xa0\x00\x2f\x73\x48\xf8\x46\x03\x4f\x02\xc4\x9e"
	"\x83\x5a\xa5\xf6\x20\xba\x5c\x08\x88\xa7\x15\x2f\x1c\xbd\xd8\xd5"
	"\x89\x31\x8b\x50\x21\x8e\x53\x3c\xea\xa8\x7a\x48\x79\x05\xc5\x39"
	"\x41\x9e\xdf\x02\x28\x09\x6c\x3e\x71\x55\xda\x4a\x68\x31\xba\x5a"
	"\xd8\xd1\xc5\x9c\xcf\x6d\x50\xed\x6a\x95\xb3\x84\x0b\x40\x46\x03"
	"\x17\x15\xf3\xe8\xf3\x18\xb3\xd9\x2c\xc1\x5d\x67\x16\xe0\x09\x40"
	"\x26\xf6\x51\x82\xc5\x00\x62\xdf\xcf\x13\xdf\xb2\x0c\x72\x4f\x2f"
	"\x5f\x58\x78\x87\x82\x3d\xf2\xdc\x43\x9e\x26\x35\x80\xe5\x72\xa1"
	"\x19\x85\x35\xc0\x5f\x18\x00\x2b\x57\x0f\xf0\xe7\x5a\x00\xdf\x62"
	"\x2e\xf5\x72\xc7\xd3\xcb\x57\x86\xef\x57\x3e\x2e\x2f\x17\xae\xee"
	"\xf3\x28\xdd\x38\xf6\x3a\x51\xb7\x72\xf4\x08\xf7\x69\xc8\x3b\x70"
	"\xf8\xfc\x48\xf3\xa8\x10\x76\x14\x28\x84\x2f\x7b\x07\x54\x98\x07"
	"\x1b\x8f\x0f\x48\xbc\xfa\x80\x38\x58\x2b\x66\xd5\xf0\xda\x59\x06"
	"\x04\x5e\xe9\xf9\x9a\x08\xf6\xbe\x85\x57\x5e\x91\x7a\xe5\xc2\xc6"
	"\xe5\xe0\xad\x4e\x3b\x83\x33\x3a\x5f\x2e\x2a\x03\x26\xf1\x2c\x7c"
	"\xa1\x61\xfb\x07\x9f\xf7\x72\x47\xf3\x39\xf2\xe4\x85\xac\x2b\xcf"
	"\x32\xac\x30\xac\x4c\x72\xe5\x39\xc0\x26\x6c\x4e\x09\x87\x0b\x67"
	"\x49\xcf\x24\x71\x5d\xaf\x82\xb7\x12\x44\xb3\xe4\xc4\xb9\xbb\xd2"
	"\x8c\x0b\x38\x73\xf2\xf1\x9a\xcd\x49\x9c\x20\x94\x16\xf0\x16\xc1"
	"\xb6\x90\x63\xa4\xfa\xa1\x02\xf6\x08\x4f\xf7\x8a\x41\x14\x4e\x00"
	"\x34\xf3\x41\x0d\x58\x59\x7a\x80\x63\xe3\x03\x8e\xd7\x1f\x14\xdd"
	"\xad\x4c\x51\xf8\x7a\x80\xbf\x30\xc4\xb0\xb2\x2d\x13\x40\xbf\xd2"
	"\xde\x41\xba\xc5\x8a\x83\xf8\x1c\xef\x22\x2f\xc8\x4e\xf1\xdc\x72"
	"\x35\x5d\x90\x03\x16\xd6\xdc\xd0\x47\x4f\xb1\xed\x2c\x5d\x3d\x26"
	"\x4e\x5c\x4f\x33\x4d\x94\x81\xeb\xf9\x2b\x4d\x85\x61\xf7\x84\x42"
	"\x35\x2a\x28\xdf\x44\x12\x6d\x5d\xb5\x18\x5d\x55\x9d\x12\x7f\xae"
	"\x59\x0e\xb9\xd8\xb5\xf5\xab\x7e\x03\x31\x24\xe2\x7a\x96\x29\x96"
	"\xd5\x6a\xae\x32\xc0\x6b\x5f\x3d\x48\x56\x78\xf7\xa7\x10\xf8\x59"
	"\x7f\x87\xd9\x08\x37\x7e\xc7\x2c\x2e\xc9\x36\x32\x60\x8f\xb4\x28"
	"\x0f\xb5\x55\x25\x3b\x24\xc8\xd1\x71\x07\x87\xa3\x92\xda\x59\xd9"
	"\xc4\x0f\x40\xc5\xf7\x17\x9e\x09\x15\x7a\x2e\xb2\x7c\xf6\x40\x29"
	"\xff\x5f\x6e\x00\x71\xe5\xd1\x41\xc6\xdc\x00\x64\x9b\x6a\x91\xa4"
	"\x9e\xeb\x79\xa6\xac\xa3\x67\xf2\x1d\x84\xb2\x78\xe5\x5a\x9e\x19"
	"\xb5\x70\x96\x36\x31\xc0\x60\x46\x5f\xda\x53\x40\x8e\x11\xe4\x2f"
	"\x91\xbb\x5b\x19\x64\xac\x03\x01\x5a\x98\x40\xf5\xf8\x9f\x80\x5a"
	"\x2c\x4d\x71\x81\xd2\xe9\xf9\x13\x50\xfe\x62\xbe\x9a\x82\x5a\x58"
	"\x13\x50\xd8\x75\xe3\x00\xb5\x74\x4d\x28\xae\x0d\x1a\xbb\x1f\xc6"
	"\xa5\xd0\x21\xf2\xcd\xe1\x31\xc2\x0c\xda\x7b\xb0\xa3\xef\x5b\x8b"
	"\x49\x28\x7f\x12\x6a\x65\x42\xb1\x87\xc4\x47\x6e\xb2\x3a\x10\x5f"
	"\xb3\x3c\x1b\x73\x1f\x2f\xc1\x16\x8e\x6b\xcc\x7e\xad\x12\x38\xee"
	"\x24\xd8\xb2\x9a\x02\x73\x90\xa7\x5c\xe2\x2e\x08\x65\x7e\xdf\xde"
	"\x9e\xde\xbf\xc1\xc1\x8c\xc2\x86\x2a\x21\x31\x3d\x27\x34\xdc\x0e"
	"\x34\xf5\xf6\xc0\x4d\x26\x7f\xe5\x3f\xcf\x61\x0e\x8e\x5a\x55\x66"
	"\xcf\x3d\xd0\x3e\x61\x8d\x79\x73\x8f\x79\xb5\x09\xdf\xac\x95\xa2"
	"\xcd\x1a\xe8\x5d\xef\x07\xd0\xc3\x64\x05\x2b\x3e\x2f\x66\xc8\x97"
	"\x92\x22\x19\x9a\x1f\xde\x8d\x4f\x2e\x6f\xcf\xd7\x97\xcb\x0d\xec"
	"\x11\xbe\x5d\xbe\xbf\xf3\xbf\xc0\xd2\x59\x3a\x78\x83\xd8\x6a\xc3"
	"\xed\xa5\x85\xbc\xb9\x6e\x21\x8c\xc6\x98\x49\x45\x0b\x49\xab\xfc"
	"\x5c\xf2\xc9\x7b\xe5\x57\x28\x6e\x17\xc6\x08\xe9\x2f\x48\x45\x13"
	"\x84\x94\xe5\x03\x1a\xd5\xf6\x50\x7d\xf6\x0b\xf9\xf9\xf2\x7a\x9d"
	"\x05\xd7\xbb\x97\xc7\x5f\xc1\x5a\xf4\xeb\xeb\x5f\x3f\x6f\xad\xa7"
	"\x43\x29\xc6\xe3\x16\x7b\x16\xc5\x85\x87\x30\x46\x1a\x6d\x5d\xf0"
	"\x7e\x70\x3f\x7d\x0b\x5f\x3f\xde\xbf\x3f\xfd\x33\xa3\x2d\x57\xd7"
	"\x6c\x7d\x7b\x7d\xf9\xeb\x32\xaa\x4b\xbe\x06\xc6\xd9\x96\x56\xfc"
	"\x8f\x0a\xe5\x09\x14\x3d\xe7\x90\xac\x79\xde\x08\x5f\xeb\x02\x14"
	"\x04\xf5\x99\x97\xa9\x3b\x47\xc6\x17\x60\x72\x52\x90\x30\x3a\x73"
	"\x0d\x73\x81\x1c\xb5\x01\x8a\x51\xba\xb2\x1c\x3c\x3b\x65\xc6\x76"
	"\x74\x4d\x6a\x1d\x70\xb9\x58\x6a\x9b\x99\x84\xc7\xa5\x87\x4c\x90"
	"\xa2\x12\x8a\x20\xdf\x1e\xf0\x1e\x00\xcc\xd0\x7b\x5a\x20\xef\xf1"
	"\x45\x07\x17\xef\xec\xc6\xef\x1c\x6f\x4f\x3f\x2e\xb3\x3f\x7f\x7e"
	"\xfd\x0a\x86\xc1\xc3\xa7\x7e\x32\x6d\x6a\x3b\x32\xc4\x38\x51\x34"
	"\x32\x1f\x79\x41\x12\xc6\x34\xed\x5d\xd9\xf2\xb0\x34\x2b\xe9\x46"
	"\x32\xe5\xe0\x81\x21\xb2\x83\xe3\x22\x61\x1c\x72\x8c\x98\xce\x15"
	"\x06\x24\xc5\xff\x6d\x68\x1c\x17\x92\x8b\x81\x46\x10\x64\xf9\x03"
	"\xcf\x29\x19\x09\x68\xc2\x15\xc4\x75\x4c\xcb\x41\x7e\x40\x56\xf0"
	"\x09\x22\xe7\x8a\x64\xcc\x84\xd3\xf6\x07\xe5\x8b\x27\x8e\x03\xcf"
	"\x20\xca\x94\x85\xcb\x10\x55\xca\x20\xc0\x52\xde\xf0\xfd\x05\xdd"
	"\xa6\xe7\x28\xe5\x93\x6c\xaa\x49\x31\xcb\x99\x14\x69\x18\x6d\xa2"
	"\xa2\x00\x67\xb6\xd9\x20\x4a\xc6\x47\x01\xc6\x9f\xca\xc5\x09\x09"
	"\xc0\xf6\x86\xa1\x0d\xd0\x7a\x72\x56\x67\x46\x30\x33\xd5\x53\xac"
	"\x9c\xa1\x92\xc6\xa2\x80\x8d\x8b\x82\x71\xff\xfa\xd6\xbe\x32\x51"
	"\x5c\xdb\xf1\xef\x49\x91\x04\xd8\x4c\xc6\xc5\x7a\xee\x30\x28\xb6"
	"\x1d\x8a\x13\x4c\x54\x9e\xb0\xe0\xb0\x41\xc5\x83\x99\xab\x2f\xa2"
	"\xeb\xe4\xbc\xad\xc0\xeb\x94\x85\x41\x9a\x5d\x05\x5a\xe7\x51\x59"
	"\x64\x69\x96\x44\x68\xa5\x03\x15\x28\xdb\x45\x08\x41\x20\x54\xcf"
	"\x21\x3b\xef\xed\x95\x85\x97\x8f\x26\x79\x8c\x26\xc0\x18\xaf\x1d"
	"\xcb\xe4\xbb\x9b\xd7\xbf\xf6\xa1\x32\xef\x59\xac\x24\xca\x91\xb1"
	"\x0b\x13\x2a\x39\x16\xc9\xe4\x5f\xe7\xda\x4d\x6d\xc2\xab\x41\x29"
	"\xe0\x51\xdb\x0b\xa5\x24\x88\x0f\xa5\xe3\xcc\x7b\xb7\x43\xe0\x4f"
	"\x6a\xf0\x13\x9c\x27\x0c\x1f\x22\x4a\xe1\x70\x13\x16\xc4\x84\xf6"
	"\xac\x86\x99\x14\x4b\x1a\xd6\x6e\x3f\xe4\xa0\x3c\x90\x3f\x38\xef"
	"\x4e\x61\x94\xcb\x41\x05\x39\x71\x25\x87\xca\x81\x7f\x90\x60\x3f"
	"\x0e\x69\xdf\x9f\x0b\x0a\xc9\x9e\x8c\xd5\x9e\x8e\x87\xa9\x33\xf0"
	"\x01\x0d\x9c\xd7\x72\x30\x2f\x13\xa8\x32\x92\x51\x09\x0f\x06\x6f"
	"\xf6\x05\x08\xd5\xe6\x77\x75\x69\x86\xf2\x81\x54\x51\x05\xf7\xbc"
	"\xc1\xa7\x83\xca\x28\xd4\xf8\x56\xd0\x5a\x52\xc8\x00\x20\x8c\x82"
	"\x9b\x9b\x84\xa6\x59\x31\x88\x91\x6f\x28\xc0\x17\x56\xc8\xfe\xed"
	"\x3a\x52\xa4\x8d\x57\xf9\x2c\x0e\xcf\x24\x1f\xd4\x75\xe7\xb4\xa3"
	"\x17\x78\x84\x23\x62\x60\x9f\xe3\xc2\x0d\x1b\xd6\x55\x27\x45\x1f"
	"\x41\x8a\xac\x62\x8f\x6d\xba\x66\x87\xf2\x0e\x63\xcf\xf2\xd8\x05"
	"\x86\x5c\x90\xa1\x71\x73\xd0\xdc\x08\x62\x6b\x72\x8a\xb4\x08\xde"
	"\x13\x6c\x6b\x6f\x0f\x31\xfd\x42\x8c\x59\xa1\x45\x30\x4a\xa6\x0e"
	"\x52\x02\xaf\x3a\x50\x29\x9f\xef\xa0\xec\xa8\x3c\x29\x73\x72\xc4"
	"\x0b\xd5\xbc\x2c\xb6\x17\x1e\x72\xef\x25\xe2\xc8\x0f\x73\xf9\x88"
	"\xba\x26\x3b\x08\x7f\x13\x2a\x6b\xef\x7d\x3d\xf4\x44\x30\xfc\x04"
	"\x5a\xe0\x38\x0b\x6a\x0e\xfe\xc5\x7c\x90\xa8\xfa\x59\x10\x97\x1c"
	"\xd8\x5a\xee\x3a\x40\x31\x24\x1c\x57\x0f\xab\x4c\x10\x52\x13\x1b"
	"\x39\x38\x6f\x11\x01\xa1\xe4\x8b\x16\xb1\xd8\x60\x34\x68\x2d\x62"
	"\x47\x37\x98\x79\x0e\x40\xd6\x41\xe8\x0c\x68\x33\x24\xcf\x73\x41"
	"\x6b\x30\x4b\x8e\x03\x8f\x41\x6d\x02\x79\x16\x6a\x33\xc0\xe5\x3b"
	"\x3d\xa2\xcc\xd2\x08\x5d\x29\x5a\x90\xf0\xdb\x5e\x21\x15\xcf\xb2"
	"\x60\x98\x35\xb8\xfe\x23\x09\xdc\x94\xe3\x9d\xaf\xbe\x7a\x66\x88"
	"\x4f\xef\x7a\xd8\xde\x5f\x8a\x52\x67\x6c\x0b\xc3\xae\xc1\xac\xde"
	"\xf6\x7c\xe5\x5b\xb9\xcd\xed\x72\xf9\x78\x7e\xfa\x7e\x99\x05\xf9"
	"\xe1\x6e\x13\x1f\x5c\x7f\xfc\xb8\xbe\xf5\xa0\x0d\x43\xb3\xe2\x93"
	"\xff\x95\x4c\x10\x9a\x42\xc0\x4b\x34\xc2\x0a\x3c\x8f\x2d\x88\x11"
	"\x6a\xc6\xb0\x09\x98\x3c\x44\x9e\x52\xf6\x51\x91\x29\x39\x9a\x54"
	"\xd0\xf7\x07\x0f\x8b\x15\xb0\xad\x56\x9e\x94\xee\x0a\xd9\xf5\xc8"
	"\x10\x71\x38\xe4\xf9\x06\xa4\x6f\x23\xf7\xe7\x1d\x64\xb1\x44\x78"
	"\x20\x65\x48\x9d\xde\x0a\x33\x16\x6d\xb0\x40\x7d\x13\xfc\xfb\x5f"
	"\x3f\x3e\x39\x76\xf9\xaf\x81\xc7\xb2\xfc\xff\x48\xbb\xb6\xe6\xc6"
	"\x6d\x26\xfb\x57\x54\xfb\x94\x54\x6d\x2a\xbc\x93\xda\xad\x7d\x80"
	"\x48\x4a\xe2\x98\xb7\x21\xa8\x8b\xe7\x85\xe5\xd8\x8c\x47\x15\xdb"
	"\xf2\xca\xf2\x6e\xfc\xfd\xfa\x45\x83\xa4\xc4\x0b\x1a\x50\x6a\x5f"
	"\x92\x31\xfa\x10\xc2\x1d\x0d\xa0\xfb\x74\x48\xee\x42\x3c\x56\x19"
	"\x3f\xb4\x2f\xc9\x1c\xb3\xf1\x6d\xf2\xb8\x6b\x8d\xff\xc1\x67\x0c"
	"\x85\xad\x73\x38\x00\xa3\x61\x0e\xaf\x35\xbb\xab\x16\xa5\xbf\x1d"
	"\x46\x9d\x6a\xa2\x61\x26\x51\x55\x06\x89\xa2\xba\x69\xb8\xe3\x71"
	"\xcd\x26\xe1\xc1\x61\x11\x84\x90\x12\x69\x18\xf3\xa8\xea\x8a\x08"
	"\x6b\x0d\x9e\xfa\x39\x54\x90\x6d\xbc\x3c\x54\x9c\xec\xa3\x7e\x0d"
	"\x9a\x8f\x03\x9a\x2b\x6a\xda\xe0\x72\x22\x5a\x3a\xf6\xe5\x32\x5f"
	"\x91\xf1\xa4\x1f\x8f\x5d\x38\x72\x37\x3b\x42\x77\x50\xe1\xfd\x2d"
	"\x3a\x98\x5c\xd6\x24\x7f\xee\x36\xa3\x42\x5a\x0f\x12\x90\x8d\xee"
	"\x4a\xf6\x87\x0e\xe4\x6a\x98\xb7\x67\x07\xba\xb3\x74\xc4\xc8\xbe"
	"\x07\xb1\x6d\x25\xc4\xd1\x4d\x25\xc4\x52\x95\xc5\x36\x91\xcb\xe7"
	"\x0b\x24\xf6\x6d\xc7\x90\xff\xd2\x82\x8d\x05\x3f\x93\x42\x7c\x6a"
	"\xda\xb1\x69\xdc\x80\x31\x15\x18\xcb\x88\x6d\x9c\xf0\x75\x88\x33"
	"\x6e\xc0\x38\x6a\x8c\xab\x2e\x13\xf2\x30\xd4\x87\xb8\x9a\x1a\x72"
	"\x5b\xc5\x18\x0c\x7b\xb4\xeb\xc3\xf6\x7b\xef\x96\xec\x4c\x6b\xae"
	"\x80\xd8\x66\x6c\xca\x0b\x1f\x52\xcf\x34\xe4\x6b\xfd\xaa\x4c\x1c"
	"\xc5\xfc\x89\xd2\x34\x03\x42\x04\xcd\x94\x77\x0a\x3b\x4b\xcc\x3d"
	"\x5b\x31\x89\x38\xc8\x91\x17\x9b\x1d\x8c\x74\xc7\xd3\x95\x18\x77"
	"\xbe\x57\xb6\x64\x87\x53\xf5\x0c\xc3\x99\xec\x47\xc9\x2d\x19\x36"
	"\xc0\x1b\x72\xb4\x75\xe3\xef\x5b\x32\xe4\x38\x55\x7e\x45\x69\x3b"
	"\xba\xa3\x84\x98\xba\x12\xe2\xba\xca\x1f\xa3\xab\x32\x46\xb9\x60"
	"\x2f\xa0\xa8\x58\xb6\xdb\x83\x7a\xa9\x56\xeb\x4b\x94\x26\x86\xa3"
	"\x19\xea\xb2\xb5\x38\x55\xc3\x32\x9c\x65\x2b\x94\x22\x5a\x12\xcc"
	"\xbf\xb4\x0f\xb1\x15\x0d\x51\x4a\x42\x05\xb6\x98\x92\x50\xc3\x56"
	"\x2c\x7d\x0c\x83\x1a\xa6\xf4\x31\xae\xbe\x57\x63\x0c\x79\x99\xb9"
	"\xca\xa4\x50\xe1\xca\x78\x6b\x1a\x1a\x89\x7c\xc3\x54\xb6\x76\x1f"
	"\xab\xea\xc1\x0b\xd6\xc4\x28\xfc\xa7\x48\x05\x8e\x9a\xc4\x30\xdc"
	"\x50\x0a\xda\x25\x9e\xad\x6b\x4a\x88\x62\x5b\x05\x88\xa7\xcc\x05"
	"\x33\x2b\xee\x43\x14\x4b\x33\x40\x4c\x75\x2e\xa6\xab\x84\x58\xea"
	"\x5c\x6c\x75\x8d\x6c\x65\xbb\xb8\xae\x3a\x17\xd7\x51\x41\x3c\xcd"
	"\x52\x8e\xb6\x16\xa6\x1a\x68\x60\x05\xa3\x29\x8b\x3d\x77\x34\x35"
	"\xc4\x50\x42\x5c\x4b\x0d\x51\xf6\x38\xdb\x41\x55\xa7\x2a\x47\x51"
	"\xdc\x94\x6c\x3c\x4f\x31\xce\xcb\x9c\x30\x45\x55\x23\x86\x44\x6f"
	"\x67\x5b\x85\xad\xcd\x27\x6a\x3f\xbf\xf7\xe6\x97\x86\xf8\x2f\x34"
	"\x18\xea\x6f\x26\xb8\xc1\x65\x71\x5e\x44\xc9\xe5\x8d\x72\x1d\x05"
	"\x02\xf2\xcf\x68\x70\xc6\x62\x7f\x5e\x5d\x24\xcb\x22\x4c\x57\x42"
	"\x7f\x3e\x06\x2b\xc8\xae\x17\xaf\xad\xc9\xa6\x97\x49\xeb\xb7\x74"
	"\x71\x76\x00\xa7\x84\x87\x17\x5e\x86\x89\x77\x01\xe0\x89\x05\x71"
	"\x1e\xc6\x45\x21\x7e\x21\x24\x04\xe3\xb2\x3c\x1f\x3a\xa4\x5d\x12"
	"\x11\x82\x6e\x2e\xdf\xc0\x9d\x1a\x92\xe3\x22\x8c\xef\xa2\x74\xd2"
	"\x1c\x61\x99\xe5\xd5\xd0\x07\xbc\x27\xf6\xd7\x61\x51\xdc\x0f\x2b"
	"\xef\xaf\x23\xf6\xd7\xfd\x38\x27\x3f\x2b\x28\x91\x14\x8e\x1d\x30"
	"\x83\x08\x38\x7e\x51\x84\xcf\x6d\x17\x70\x71\x6e\xe8\xba\x81\x15"
	"\xf4\x9e\x7b\x72\x0e\x4b\xca\xba\x71\x95\xa5\x45\x44\x87\x81\x37"
	"\x2f\xa9\x15\xe2\xfb\x0e\xdf\x86\x60\x9e\x20\x11\xc7\x21\xe6\x6f"
	"\xd1\x88\x33\xa4\xa0\xe1\x8f\x51\x1c\x95\x66\x3c\x25\x8b\x08\x99"
	"\x11\x5c\xbe\x2c\xf0\xdf\x5a\x67\xf1\x88\x41\x74\xf8\x6d\xe9\x78"
	"\x26\xde\x2d\xac\x34\x13\x0e\xec\xbe\xf8\x7e\x32\x0a\x37\x3e\xbc"
	"\xf1\xfb\x68\x8e\x3b\x12\x8f\x0c\xe1\xfa\xa5\xb9\x2f\x26\x36\x1d"
	"\x90\x1e\x81\xd3\x17\xf2\x4d\xb9\x8b\xd2\x75\x3f\x3e\x60\x53\xee"
	"\x14\x58\x6d\xca\x69\x56\xb1\x8f\x93\x01\x70\x79\x18\x48\x64\x69"
	"\xb6\xc5\xba\x0e\xaa\x2d\x9a\xc7\x5d\x7a\x15\x7c\xc3\x33\xee\x30"
	"\xec\x8f\x5c\x7c\x59\x7a\x81\x20\xc3\x0e\xe4\xc5\x26\x59\xc4\x61"
	"\x4e\x02\x43\x86\x5a\xcd\x2d\x4d\x26\xdf\xad\x43\x78\x38\x47\x67"
	"\x7d\x42\x58\xff\xf2\x90\x3d\xc3\x36\x87\x78\x9e\x19\xf8\x1d\x8e"
	"\x92\x33\x88\x54\x38\x1d\xd5\x9c\x26\x08\x27\x58\x07\x48\x0a\x24"
	"\x42\xa8\x34\x2b\xc4\xd4\xb8\x7c\x39\x21\x29\x78\x8c\xc6\xd9\x30"
	"\x8a\x5a\x2f\x59\x36\x7d\x45\x11\x19\x06\xe2\x92\xc4\xf7\xe9\x7e"
	"\x5c\xa3\x1c\x18\x3d\x7d\x7c\xf8\xe4\x31\x81\xd8\xaf\x29\xc6\x67"
	"\xdd\xac\x83\x51\x82\x44\x42\x01\x71\x91\xf9\x3e\x29\x51\x31\x5b"
	"\x62\xf1\x36\x69\x43\x71\x8d\x4b\x4d\x33\x84\x2f\x8d\x0b\xf3\x30"
	"\x0c\x50\x2a\x74\x8e\x28\x61\xb4\xb0\xfd\x4e\x18\xdc\x98\x23\x36"
	"\x29\x78\xd0\x8f\x7f\xb7\x48\x22\x6c\x15\x00\x82\x7f\x42\xa3\xc1"
	"\xad\xe0\x25\x11\x1f\x98\x34\x21\x45\xf9\x2d\xbb\x1f\xff\x5a\x3f"
	"\x5d\xd6\xed\x65\x84\x4e\x6e\xb6\x64\x51\xd6\x12\xe3\x3a\x40\xa4"
	"\xee\x55\x82\x7d\xb3\x06\x5f\xe3\x0b\x8d\x5f\xcf\x85\xfa\x9a\x2e"
	"\x2b\x0e\x0f\xc2\x82\x4b\xa3\x08\x25\xc2\x07\xf9\x3e\x62\x63\x18"
	"\x29\x19\x44\xf1\x1e\x37\x52\x97\x26\x2b\x11\x04\xd1\x64\x73\x3c"
	"\xc5\x07\x03\x5b\x76\x81\xf2\x1e\x61\x61\xe4\x5a\x48\x2c\xe0\x76"
	"\x03\xff\x1b\xa1\x8a\xd6\x3c\x9f\x05\xd3\x99\x16\xa0\x51\x3b\x99"
	"\x7c\x64\x6e\x78\xe5\x46\x1d\xfc\xc4\x80\xb8\x71\x2d\xb4\x83\x82"
	"\xfc\xb2\xb5\x1f\x55\x60\x0b\x13\x87\xad\x65\xcf\x30\x56\xef\x84"
	"\x3f\xa2\x0d\x6a\x92\x64\x23\x20\x5c\xca\x43\x90\xf1\x6a\xed\x07"
	"\x03\xc9\x38\x2c\x29\x49\x53\xb6\xfa\xf8\x21\xbf\xca\x6f\xe3\x6c"
	"\x4f\x9d\x57\x0f\x1f\x8f\xf5\x0b\x38\xcd\x1e\x3f\x3f\x78\x03\xb6"
	"\x8f\x5a\xc3\xc6\xeb\xe8\x0f\xc0\xc4\x27\xa2\xe5\xf8\xa7\x86\xcf"
	"\xf7\x68\x9b\x66\xe5\x4a\x26\xab\x76\x6b\xb6\xee\xc4\x11\x2d\xa5"
	"\xa8\x45\xcc\x8d\x53\x68\x89\x0e\x10\x1e\x44\x38\x0c\xe8\x85\x3d"
	"\x0e\x5c\xa8\xb1\xf7\x06\x00\x63\xd1\xd4\x40\xb6\xe3\x1d\xb1\x20"
	"\x4b\xf1\x70\x3b\x7e\x9c\x15\x54\x9a\xfc\x7b\xc7\xdd\x6b\x1a\x74"
	"\x19\xfa\x3b\x7b\x18\x20\x32\x40\xa8\x02\x64\x7b\x88\x63\xb2\xce"
	"\xa5\x20\xa0\xea\xd1\x9d\xbd\x12\x63\x3a\x86\x14\xb3\x64\x5d\xc1"
	"\x7e\x4d\x8a\x01\x2a\x71\xf0\x0e\x95\x16\x5a\x55\x2b\x1a\x7b\xba"
	"\x3c\x8b\xc2\x23\x8e\x63\xcf\x5d\x29\x88\xc9\x1a\x12\xa7\x31\xcb"
	"\xd4\xa5\x2b\x5b\x16\x04\xff\xe5\xe1\x43\xc8\x0c\xcb\xe7\x14\x12"
	"\xa2\x8f\x3f\x8f\x17\x3c\x98\x32\x3e\x90\x02\xfc\xdb\x72\xe8\xf7"
	"\xd8\xf0\xca\xb3\x75\xf9\x3f\x66\xbc\x09\xca\xac\x00\x37\x96\xa7"
	"\xfa\xbd\x7e\x7b\xfa\x98\xc1\x23\xb4\x4f\xa3\xd9\x1f\x9f\xe7\xd9"
	"\x22\xbe\x83\xc9\x5d\xd1\x60\xf6\xfa\xf0\xd5\x3d\x55\x3f\xbc\x7c"
	"\x1c\x67\x7f\xd4\xb3\xb7\xba\x7e\xaa\x9f\xfe\x93\xb3\x4d\xf6\x73"
	"\x5a\xd7\x2f\xef\xfc\xd9\xfa\xf5\x78\xaa\x67\x87\xb7\x3f\x8f\xc3"
	"\xf9\xde\xe2\xc6\xf3\xbc\x4d\x96\x78\xe0\xf4\x51\x6d\x48\x66\x64"
	"\x41\xbc\xe4\x45\x4a\xb2\x24\x8b\xd1\x6a\xd8\x0a\x97\x6c\xbb\x6e"
	"\xc2\x61\x0b\x84\x11\x05\x8b\x07\xb1\x8c\xfd\x9b\x94\x62\x11\x0d"
	"\x82\x82\xdf\x19\x20\x32\xdb\x16\xcb\xbe\x6d\x20\x58\x5d\x86\xe4"
	"\x4a\x62\xb2\x09\x88\x58\x96\xa5\x21\xd7\x50\xc5\xd2\x3b\x52\x24"
	"\xc8\x87\xed\x81\xb3\x62\x4d\xe4\x2f\xb0\xce\x08\x53\x56\xdd\x85"
	"\x63\x48\x22\xae\x6f\x88\x78\xb3\x8c\x5e\x1f\x9e\x21\xd4\xb4\x80"
	"\x5a\x9d\xcf\xdf\xc0\xc7\xfc\xa6\xb9\x18\x34\x75\xec\x54\xc8\x00"
	"\x91\x24\xb4\x20\xff\x9e\xcf\xcb\xa0\xc0\x03\xd1\x07\x3b\xc4\x6f"
	"\xbc\x15\xe2\x31\xe4\x81\x5c\x37\x0a\x42\x22\x5d\xe3\x5c\x47\x13"
	"\x36\x0b\x8f\xe0\x80\xac\x00\xd3\xa8\x81\x97\xcf\x86\x7b\x29\xf2"
	"\x7d\x98\x44\x0e\x5e\x6c\x26\x35\x1c\x54\x4a\x82\x4d\x89\x18\x61"
	"\x34\x45\xdb\xd2\x10\x9f\x96\x45\x94\xd9\x92\xde\x8c\xc3\x55\x56"
	"\xa2\x67\x5a\x8e\x90\x2c\xaf\xdd\x48\xf5\xef\x5d\xdf\x31\x25\x30"
	"\xce\xc0\x83\xf7\x4a\x80\x07\x71\xe5\xbb\x4e\x19\x44\x78\x2c\x43"
	"\xde\x46\x70\x7d\x25\xf0\x6e\x18\xd6\x04\xd3\xd2\xca\x82\x30\x8d"
	"\x69\x1b\x2d\x8a\xb1\xfb\x21\x2f\x5d\xb6\x23\x05\x6b\x46\xbc\x89"
	"\x50\xba\xe3\x66\x03\x07\x5e\x44\xbe\x09\x2d\xa3\x7d\xb9\x91\x4c"
	"\x8d\x88\x82\xf1\xed\x72\x87\x02\xee\xd9\xd7\xf8\x48\x08\x7f\xf0"
	"\xc6\xda\xe3\x03\x6d\x4d\x99\xba\xc6\xfe\x61\xda\x9a\xa9\x04\x59"
	"\x0e\xf2\x62\xca\xdb\x92\x1d\xeb\x2a\xd6\xd8\x4c\xcd\x1a\xd7\xfe"
	"\x32\x33\xf2\x9f\x5f\x1f\x87\xc7\x87\x97\x59\xfc\xf0\x35\xe0\x92"
	"\xef\x6f\x9f\xeb\xfb\x71\x7b\x73\x9d\x90\xdc\x85\x63\xba\xe5\x2e"
	"\xca\x4f\x96\x37\x9a\x93\x1f\x46\xdb\xf1\xb7\xdc\x96\x66\x3b\xa2"
	"\x50\x9f\x6a\x39\xc8\xbb\x32\x5f\x34\x63\xa1\x79\x60\xb0\xe1\x81"
	"\x7b\xe3\xb0\xc9\x24\x2d\x97\xc3\xb5\x7b\x45\x82\x55\x38\xd1\x90"
	"\x9b\x54\xc5\xc6\xd9\x07\x81\x43\x41\x48\x6f\x84\x52\x64\x38\xb7"
	"\x28\x68\x86\x8a\x5f\x37\xb3\x05\x40\x20\xef\x76\x92\x74\x03\xb1"
	"\xf0\x96\x4b\xb0\x0c\x35\x7a\xbd\x57\x9f\x0e\xef\x3f\xeb\x13\xeb"
	"\xbf\xab\xa6\x3b\x5e\xd7\x3a\x7d\x70\x13\xe0\xcb\xf9\xaa\x90\x8a"
	"\x3b\x3d\x0e\xd7\xb0\xf6\xc4\x70\xf1\x51\x9f\x6c\xa5\xd9\x83\xd8"
	"\x94\x28\xab\xf0\xdb\xf8\x84\x59\x04\xbe\x34\x77\xb6\xc5\x1b\x86"
	"\x6b\xa8\x3a\x4c\xc2\x71\xcc\xf7\x34\x30\xc0\x1d\xeb\xb1\x83\xc9"
	"\xb6\xb8\x04\xba\x1c\x0e\xbb\x25\xe8\xa6\xc3\xa4\x4d\xbb\x59\x8d"
	"\x53\x43\x58\x83\xc7\x5f\x8b\xa0\xcb\xaa\x60\x27\x55\x3a\x4e\x4c"
	"\x08\x5b\xe8\xaf\x1a\xe2\x40\xb6\x9c\xa2\x07\x76\xf0\x4d\xda\xe0"
	"\xad\xa3\x85\x95\xf9\x38\x29\x9f\x26\xb5\xd6\x64\x85\x3f\xad\xbc"
	"\x3f\x3e\x3a\xc3\x3f\xc7\xc5\xe9\x52\x85\xd5\xbd\x08\x9b\x96\x1c"
	"\x6e\x5c\x9d\x2c\x5b\x48\xd6\xdd\x0b\x2a\x95\x9c\x13\x2e\xa0\xf0"
	"\x46\x50\x45\x37\x0b\x2a\x8c\x4a\x3e\x40\x76\x7d\x85\xe4\x13\x26"
	"\xaa\x0c\x46\xfd\x2a\xce\x67\x59\xc5\xe0\x3a\xa2\xca\x6b\x3a\x12"
	"\x7a\xa2\x49\x5f\xf7\x64\xb9\x44\x86\x76\x32\x3e\x32\x2e\x88\x4d"
	"\xb8\x0d\xd3\x52\x52\xad\x0d\xf1\x75\x75\x77\x70\x9c\xa1\xae\xfd"
	"\x74\xd4\xf7\x84\xa3\xab\xa8\x71\x0b\x28\xce\x91\x2b\xb0\x54\x2c"
	"\x32\xe1\x4d\x53\x4b\xdf\x2a\xb8\x0d\x62\x4a\x51\x85\xde\x83\x77"
	"\xdb\x5d\x85\xee\x97\x3b\x11\x8b\x5a\x92\x0c\x8c\xb5\xd9\x9f\xa8"
	"\x77\x44\x5b\x30\x1a\xc0\x63\x6b\x15\xd0\xde\x52\xd5\x8a\x42\xfe"
	"\x39\x1d\xcc\xbc\x91\x88\x1d\xa4\xe2\xfb\x6a\x1b\x08\xe7\x42\xbe"
	"\x2b\xc0\xcd\x24\x6c\x0a\x35\x4c\x6c\x1e\x7b\xc7\x65\x0d\x93\x45"
	"\x18\x04\xac\x5d\x68\x80\xb1\x6e\x24\x3c\x7c\x0d\x49\x33\xb8\x95"
	"\x0c\xd8\x6e\x1f\x4d\x15\x1c\x06\xfa\x9d\x06\xbf\xf3\x4c\x80\xbc"
	"\xaf\x77\x07\xd4\xcb\x66\x01\x4a\x4c\x8f\xe5\xae\x4b\xea\x5c\x5e"
	"\xae\xbe\x2d\x57\xd1\x82\xdf\xdf\x0d\xee\xa0\x61\x90\xa3\xd1\xc1"
	"\xe0\xcb\xb1\x0e\x36\xc9\x94\x65\x10\x0f\xe9\x26\x41\xc6\x5a\x08"
	"\x1c\xa1\x43\xee\x6d\xc3\xaf\xeb\x91\x4c\x96\xcb\x4d\xaf\xeb\x76"
	"\xd0\x2a\x6b\x38\xe7\xaf\x59\xd7\x97\x03\xff\x47\x30\xcc\xe5\x0d"
	"\xb8\x2b\xaa\x5d\xde\x3d\x63\xf7\x5b\x0b\xbf\x3c\xeb\xfd\x20\xe7"
	"\xd1\x2d\xb2\x51\x84\x08\x5e\x66\x11\xe5\x2e\x97\xf8\xc4\x5f\x87"
	"\x63\xcb\xe5\xfe\x37\x4c\xb5\xcc\x11\x03\xe8\x26\x83\xef\xc2\x00"
	"\x9e\x4c\xc2\x0e\xeb\xec\x7f\x11\xda\xfe\x34\x58\xcb\xa4\x39\x2e"
	"\x43\x82\x18\x82\x68\xbb\x59\x60\x31\x08\x40\xbc\xa1\x6b\x5f\x22"
	"\x0c\xd6\x91\xc3\x14\x56\xfc\xfb\x11\xcf\xc2\xa8\xff\xf8\x94\x1e"
	"\x32\x41\x27\xb4\x8c\xc4\x2a\x79\xb8\xe3\x37\xaf\xfd\x70\x9e\x01"
	"\x3b\x15\xc6\x84\x0e\xb6\xa6\x6b\x6a\xb5\x64\xff\x5d\x4f\x26\x15"
	"\xbc\x9f\x0a\x4e\xd0\xfc\xbb\x85\x9f\x38\x98\xcd\xe8\x15\x60\x4b"
	"\x00\x9c\xa5\x47\x93\xca\x31\x03\x68\x2e\x6f\x42\x3a\x48\x00\x28"
	"\x23\x4a\x93\x3d\x30\x52\x59\x32\xb9\x6d\x1b\xba\x42\x6e\xca\xe5"
	"\x8e\x21\x93\x7b\x18\xd3\x57\x27\xc7\xec\x5f\xaf\xd5\x47\x78\xaf"
	"\x2e\x00\xc7\x94\x00\x02\xb6\xd9\x1a\x16\xd5\x10\x4b\x22\x8e\xb9"
	"\x70\x51\x48\x3a\x3a\x30\x3c\x4d\x56\xd1\xd2\xb4\xe7\x92\x86\x2a"
	"\x7d\x02\x5c\x18\x12\x40\xec\xdb\x73\xcc\x00\xf0\x32\x94\xec\xbf"
	"\x71\x79\x44\x4d\x7d\x19\x9b\xfa\x7c\xaf\xc4\x18\xfb\xbd\x64\x1e"
	"\xf0\xeb\xda\x3f\x5e\x0e\x6f\x7f\xfd\xa2\xff\xca\xcf\x65\xc5\x6a"
	"\x31\x6b\xed\x0c\x3e\x21\x86\x85\xc8\x44\x68\xf6\xcb\xf5\x81\xf1"
	"\xd7\xe9\x4c\x82\xc3\x7b\x82\x17\x6c\x1a\xea\xe1\x52\xa8\xf2\x74"
	"\x78\x7e\x1e\x2c\xd6\xfd\x17\x97\xf1\x02\xd0\x3d\xc4\x74\xbe\xa1"
	"\xa3\x56\x6e\xa5\x59\x1a\xc2\x05\xab\xa4\x3b\x5a\x20\xdb\x71\x8a"
	"\x72\x11\x92\x1b\xa0\x42\xdf\x75\x31\xd4\xcf\x37\x6a\x90\x7c\x66"
	"\x5f\xc3\x15\x35\xef\x65\x82\xc6\x3b\xbc\x9f\x21\x4e\xd4\xc7\xec"
	"\xdc\xb4\xe0\xb5\xfb\xd2\xfa\xfc\xe7\xe1\x05\x62\xb3\x3d\x72\xb6"
	"\x8d\xd9\x2f\xd0\xd0\xe7\x87\xd3\x73\x7d\x9e\xf6\xdd\xa5\x49\x99"
	"\x7a\x42\xa3\x30\xbd\xa5\x82\x24\xc1\xe2\x0c\x0d\x70\x39\x49\x11"
	"\xd3\x1b\xa6\x81\x87\x40\x9a\xcb\x4e\xb1\x43\x72\xec\x8e\xa7\x91"
	"\x4d\x6c\xd1\xce\x19\x8e\x28\x38\x3a\xba\x99\xd2\xaf\x06\x41\x9a"
	"\x20\xa1\xdb\x2c\x7a\x49\x6b\xbf\xcc\xe8\xbd\x38\xb1\x7d\xda\xfc"
	"\xaf\x7f\x3b\x9d\x1f\xb5\x9e\x5f\x16\x40\x98\xb8\xcc\x90\xbd\x11"
	"\xe4\x13\x6d\x95\xb7\x32\x93\xcc\x0e\x1d\x0b\x49\x6f\x80\xc3\x17"
	"\x3c\x0c\x28\xa7\xd3\x1e\x16\x86\xa7\x83\x5f\xb1\x20\xb9\x71\xed"
	"\x1e\xfc\x70\x97\x5e\x6d\xa2\x90\x73\xd0\xe0\x45\x2c\xb6\xe2\x7b"
	"\x35\x78\x89\x86\x92\x0a\x76\xc9\xee\x3b\xb2\x58\xd8\x3f\x42\x6a"
	"\x4a\x33\x27\x8b\xbd\x87\x50\x08\x74\x90\x80\xa2\x44\x01\x7d\x08"
	"\x62\x5c\xda\x83\x38\x18\x21\x57\x0b\x59\xdf\x27\x9e\xed\xc8\xcb"
	"\x0b\x9c\xdb\x73\x8c\xf1\xa9\xc5\x14\xd4\xf6\x4d\xc5\x6f\x45\x34"
	"\xd6\x0d\x84\x72\x73\x88\x31\xe4\x19\xed\x19\xc4\x96\x22\x78\x80"
	"\x27\xc3\x54\x63\x34\xe7\x06\xd0\x2d\x18\x4f\xd1\x86\x96\x5e\x7a"
	"\xf2\x26\x5c\x7c\x37\x8d\x3b\x29\x82\x32\x1d\x6a\xae\x11\x29\x66"
	"\x99\x98\xba\xa9\xe8\x2b\x36\xfc\x74\x25\xc4\x46\x7c\x6d\xfa\xb9"
	"\x18\xf2\x5e\x08\x13\x53\x33\xe4\xa3\xb8\x00\x6e\x2f\x53\x18\x70"
	"\x4a\x31\xd5\xa0\x45\xe7\xea\x46\x9f\x5b\xea\x89\x66\xa8\x21\xb6"
	"\x12\x62\x99\x6a\x88\x7a\x46\xcf\x35\xf5\x54\x44\xfc\x7d\x2e\x4d"
	"\x3a\xc7\x7c\x1f\xaf\x5d\x67\xa9\x7b\xd7\xd1\xf5\x1b\xa6\xbc\xe5"
	"\xdd\xb0\x74\x18\xaa\xe9\x63\xe8\x8a\xb9\x9a\xf8\xb9\x3b\xb7\x91"
	"\xfd\x4c\xe0\x4a\x0a\xe3\x07\xe2\x41\xde\xb0\x64\x07\xd4\x34\xcc"
	"\x5b\x4a\xa8\x1a\xc8\x6c\x1c\xcd\x87\x17\x55\x4d\x0c\xc9\x97\x87"
	"\x33\x53\x24\x5f\xd5\xe5\xd0\x0d\xcf\x51\x0d\x10\x8c\xa1\xaa\x0f"
	"\xb1\x95\x23\xd1\xf1\xec\x6a\x49\x92\x28\xbe\x57\x21\x5d\x4b\x35"
	"\x39\x0c\x4b\x93\x4f\x31\x5a\xde\xe9\x6e\x49\x14\x03\xc5\xf2\x4a"
	"\x45\xed\x01\x62\xda\x4a\x88\x3d\x97\x43\x68\xe2\x18\x8a\x4a\x2d"
	"\xbe\x5b\x9e\x62\xd0\x16\xb9\xed\x2b\x66\x19\x0c\x08\xf9\x0c\x6a"
	"\x62\xc2\x4e\x46\xcc\xf1\xed\x37\x50\x8c\x15\xe3\x25\x8f\x35\xc5"
	"\x3a\x0f\x08\x79\x11\x69\xba\x9d\x9a\x29\xc0\x59\x86\xd6\x6f\x1f"
	"\xec\xf0\xa3\x28\x42\xcf\x72\x10\x8e\x19\xa2\xa7\xbb\x84\xb4\x76"
	"\x70\x03\x53\xfd\x4b\x2a\xa2\x0f\x32\xc0\x94\x09\x8d\x25\xb6\x91"
	"\x8f\x7b\xb4\x82\x2c\xed\x42\x26\xbb\x26\xe0\x22\x4f\x87\xd2\x61"
	"\x40\x25\x08\x2f\x01\xed\xe2\xed\xc5\x85\x6d\x99\x3b\x86\xaa\x34"
	"\xa7\x6c\x08\x12\x22\x21\xcc\x8f\x98\x18\xa1\x11\x4c\x98\xbe\x02"
	"\x94\xb7\x48\xc4\x88\xd8\x34\xb5\x0a\xcb\xbc\x0d\xe4\xa2\x10\xb7"
	"\xa1\x85\x31\xd4\x77\x3f\x03\x7a\x3a\x5e\xbb\x55\x52\x2a\x30\x58"
	"\x54\x16\x26\xf2\x85\xfd\xe4\xbf\x1c\xea\xb7\xf3\x60\x7c\x10\x7a"
	"\x9f\xfa\x55\x89\x17\x9c\xa5\x0b\x35\x6c\x96\xbe\xd8\x2c\xa7\x06"
	"\x91\x3c\x3f\x78\x9e\xed\x51\xc4\xec\x78\xea\xa0\x73\x37\x7b\xa9"
	"\x19\x02\x72\x8c\xdc\x2e\x31\x01\x1b\x58\x1d\x6f\xcf\xa4\xa8\xdb"
	"\xc3\x89\x15\x52\x34\x3b\xe0\x33\x88\x84\x39\x22\x96\x6e\x8d\x3f"
	"\x1f\x4f\xc7\x8f\xe3\x9f\xe7\xd9\xfa\xeb\xbd\x3e\xfd\xb6\x9d\x3d"
	"\x7f\xd6\x1f\xe7\xa9\xfd\x2c\x2d\xc9\x6a\x44\x1a\x93\x17\x11\x4d"
	"\x0c\x94\xf2\x9e\xf5\x60\x88\x90\x01\x15\x65\x8c\x71\xd1\x15\x9e"
	"\xab\x1b\x1b\x44\xa4\x7b\x5e\xb8\x99\x1e\x83\x58\xbd\x3e\xce\xad"
	"\x19\xd3\xa5\xfa\x0d\x97\xe5\xe3\x63\xfd\x52\x9f\x8e\xaf\xf5\x38"
	"\x82\x35\x61\x3d\xa3\x3b\x06\xb2\x64\x76\x52\x53\x2a\x9d\xcb\xa4"
	"\xd6\xd4\xb0\x88\xbc\x3d\xbc\x1c\x9f\x21\xf4\xf3\xd3\xe1\xf9\x70"
	"\x86\x78\xcf\xc7\x37\x56\xdc\x69\xd9\x5c\x07\xa1\x09\x65\x22\x2c"
	"\xba\x24\x13\x79\x3a\xfa\x95\x8e\x3c\x6c\x33\x91\xe1\xa1\x45\xed"
	"\xca\xf9\xc7\xe1\xb7\xa7\xc3\xa9\x6e\xe2\xdb\x60\x85\x2e\x5d\x73"
	"\xf8\xfb\x8d\xf8\xe1\xfd\xe1\x91\x65\xf2\xf6\x58\xdf\x54\x73\x2c"
	"\xe8\x09\x17\xa1\x75\x70\xad\xe9\x2f\x07\xbc\xc4\xec\x7f\xcd\x2f"
	"\xd2\xaf\xb7\xf3\xcf\xfa\xe3\x30\xfa\xc1\xb9\x67\x62\xb9\x32\x91"
	"\x25\xc8\xb5\xc9\xee\xf9\x8b\x4d\x9c\xc7\xe3\x7b\xcd\x44\xb0\x37"
	"\x09\x46\x97\x26\x30\x2e\x4b\xeb\xf3\xff\x1e\x4f\x7f\xf1\x06\xfe"
	"\xfa\x57\x7d\xfa\xf7\x59\xf4\xfa\x5e\x3f\xf1\xe6\xf1\x91\x36\xb1"
	"\xe7\xe6\xf4\x44\x12\x1f\x9e\x7f\x9e\x45\xbf\xdd\x6c\x80\x70\xa5"
	"\x18\x1b\x73\x0d\xe1\xee\x1f\x82\x90\x9b\xf4\x92\x09\xb1\x73\x24"
	"\xc8\xfe\x76\xff\x9e\x0e\x1c\x36\x46\xfe\xa7\x9e\x41\x78\xf5\xe7"
	"\xaf\x19\x9f\x77\x30\x2f\x23\x7f\x58\xa5\xd0\xc5\x1c\x75\x1b\x99"
	"\x25\x91\x79\x12\xd9\x1c\x95\x79\xf6\xb4\x2f\x8b\xfa\xe3\xf8\x02"
	"\x17\xab\x37\x0c\x4c\x83\xce\xb1\x81\x69\x30\x4d\x59\x93\x09\x75"
	"\x4d\x10\x6e\xae\xb9\x3c\x9d\xfd\x06\x6b\xd7\xdb\x13\x9b\x6e\x3c"
	"\x6a\x55\xe7\xe8\xf9\xf0\xd7\xe7\x3b\x94\x85\x15\xb0\x86\x68\x54"
	"\xf5\xe3\xcf\x41\x27\x37\xcb\x71\x35\x71\x65\x6c\x67\xef\xd3\xe9"
	"\x78\x78\xba\xae\xde\x84\xae\x93\xb0\xf7\xe0\xda\x3e\x1f\x57\x71"
	"\xb6\x83\xb7\x9c\xac\xb8\xaf\xee\xa2\x38\xee\xdb\x84\xb4\x0f\xaf"
	"\x71\x72\x57\x05\x8b\x95\xe0\x49\x16\x24\x64\x45\x22\x11\x3f\x29"
	"\x9a\x3f\xdb\x13\xcb\xac\x79\x26\xac\x32\xb6\xc5\x93\xe0\x5b\xb5"
	"\x25\xf1\x26\xec\xf3\xf4\x35\xdb\xe8\x28\x2b\x7e\x5f\x46\x62\x08"
	"\xed\x36\x20\x4a\x6c\x4b\x53\xf4\x0d\x03\xba\xa7\x66\x70\xd7\xa9"
	"\x26\x0c\x8f\x23\xb7\x40\xf6\x27\x6e\xb4\x07\xc2\x09\x25\x5e\xef"
	"\x75\x4c\x90\x57\xb6\x94\x3c\x7e\xe7\xa1\x0f\x24\x77\xd4\x07\x93"
	"\xdd\x3c\xcb\xe2\x21\x99\xee\xf7\x46\xff\xc4\x82\xd7\x02\x40\x14"
	"\x06\xee\xfa\x16\x1b\x67\xab\x51\x24\xd4\x6e\xa4\xe0\x91\x71\xe2"
	"\x32\xac\x56\x41\xe2\x62\x54\xdf\x71\x8a\x10\x90\xae\x68\x05\xc4"
	"\x4a\x40\xce\x8b\x69\x00\x10\xda\xcd\x8f\xef\xaa\x7d\x9c\x02\x67"
	"\xe7\xdd\xee\x47\x81\x92\xb9\x96\x4b\x84\xe7\x94\xa9\xbb\xf0\x76"
	"\x8d\x18\x26\xec\xa2\xd8\xd7\x35\x4d\xc3\xdf\xf0\xaf\x08\xec\xed"
	"\x35\x43\xba\xff\x8e\xba\xd8\xcd\xd4\xaa\x08\xef\x47\x45\xea\x5e"
	"\x40\x49\x9a\xad\x37\xbd\x2b\xed\x36\xa1\x19\x30\xfc\x4e\xe0\x9a"
	"\x4b\x16\x07\xcb\x88\xae\x91\x50\xbd\x05\xd3\xa1\xc0\xdb\xaf\x5c"
	"\x66\x45\x22\xfa\x2d\xd6\xa4\x70\x87\x1c\x67\xd9\xdd\xa6\x67\x35"
	"\xb3\x86\x48\x8a\xd0\xee\x79\x11\xe6\xa4\xcf\x7f\x7a\xed\x93\x0b"
	"\xcb\x55\xc3\x69\xe7\xbf\x1c\x1f\xff\x6a\xb8\x79\x61\x83\xea\x2f"
	"\x36\xbd\x7e\x04\xd5\x93\x00\xa9\xaf\xaa\xc3\x69\x64\x9b\xb6\x7e"
	"\x03\x4a\xb7\x6e\x00\x21\x8c\x0d\x3d\x90\x1f\xf8\xa1\x8b\x28\x4d"
	"\x23\x18\x16\xe2\xaa\x0f\xa3\x40\xa4\x58\x21\x74\x83\x80\xe0\x81"
	"\x49\x45\x1d\xd2\x1b\xf3\xe0\xbe\xdf\xef\xec\x9e\x2c\xdd\xe7\xaa"
	"\x32\xe4\x7b\xa2\x84\x44\xbe\x69\xc8\x0b\xd1\xc5\x6c\x46\xca\x91"
	"\x94\x06\x76\x39\x37\x41\xb1\x13\x04\x45\xdc\xea\xa7\xd8\x28\x59"
	"\xdd\x0e\xde\x06\xa1\x7f\x3b\x7a\x1d\x2d\x6f\x07\x87\xe5\xfa\x76"
	"\xf0\x22\xc8\x6f\x04\xeb\xc6\x6d\xa8\x7f\x94\xe5\x3f\x68\x34\x06"
	"\xfe\x96\xaf\x6e\x6f\x36\x86\x4f\x96\x2b\x7f\xb9\xba\x15\x9c\xdc"
	"\x9e\xf1\xf6\x1f\x15\x63\x1b\xa6\xb7\xa1\x51\xaa\xc8\x01\xca\xc1"
	"\xf4\xc1\x11\xca\xb1\x15\xf3\x04\x30\x3a\x3a\x4b\x50\x1e\xc9\x01"
	"\x6a\x4c\x48\xd9\x5c\x5f\x75\x0c\xe7\xf4\xfd\xf0\xc6\x17\xd9\xd1"
	"\x21\xb5\x59\x79\xe9\xf1\xf3\x24\x8a\x1a\xca\x72\xa6\x85\xdf\x5c"
	"\x1b\x0d\x93\xf2\x22\x5b\x84\x93\x54\x38\xe6\xf7\xb4\xa7\x26\x50"
	"\xc0\x7a\x4c\xe1\x3c\x4c\xaf\xc2\x6d\x09\x44\x25\x64\x60\x7a\x37"
	"\xc2\x6c\x99\xca\xd6\x3c\xfe\x8a\x38\xe0\xe1\x4a\xaa\x28\x48\xb9"
	"\x61\xdf\x68\x9a\x67\x7b\xf6\x38\xab\x26\x17\x88\xde\x8b\x28\xf7"
	"\x9c\xc0\x35\x8f\xb0\x90\xed\x13\xc3\x01\xda\x95\xcc\x47\x2e\x91"
	"\x2e\x80\xa4\xdc\x18\x72\x44\x99\x88\xef\x1c\xc2\x4b\xb9\x4b\x91"
	"\x27\x40\x42\xa2\x78\x91\xed\xc7\x55\x4d\xd6\x1b\xe4\x72\xad\xd9"
	"\xc9\x25\x00\xd3\xd0\xaa\x84\x65\x29\x6e\x22\xa6\xaa\x15\x04\x97"
	"\xb7\xc5\xc1\xd5\xd9\x85\x9f\x54\x79\xe0\x4f\x72\xe8\xc7\x91\x4f"
	"\x82\xef\x5c\xde\x57\x98\x93\x64\x33\x24\xd8\x6e\x92\xae\xcf\xfc"
	"\x4d\xd4\x17\x38\xf5\x1d\x1e\x67\x5c\x38\xcb\x1f\x9e\x6b\x6e\xe7"
	"\x30\xa3\x02\x4f\x69\xfe\x3d\x30\x76\xae\x9a\x40\xf2\x71\x4e\x42"
	"\x44\x03\x1f\x21\x59\x03\x6f\x5d\xd1\x18\xec\x90\xdb\x9e\x2b\x5d"
	"\xb6\x6c\x92\xc7\x25\x0f\x12\x32\xee\x34\x9a\x20\x63\xa0\x13\x56"
	"\x5b\x13\xe5\x38\x6d\x72\xdd\x1a\x82\x23\xe6\xeb\xf1\x5c\xbf\x9f"
	"\x8e\x8f\x42\x22\x51\x30\xb7\x64\xe7\xa1\xa4\x2a\xc0\x72\x60\xfa"
	"\xf5\xfb\xeb\xc7\xe4\x52\x0b\x38\x8e\x7f\xa1\x5f\x1f\xe7\xfa\x75"
	"\x96\x31\xc5\xed\xe7\xe1\xfd\xd7\x6b\xc0\xe2\x60\x08\xbe\x44\x34"
	"\x06\xce\x62\x41\x09\xb8\x6d\x25\x38\x6e\xef\x0a\x24\xb6\x26\xdd"
	"\xa4\x7b\x76\x72\x29\x88\xd8\x4a\x88\xf3\x34\x89\xe6\x46\xce\x0f"
	"\x6a\xcb\x82\x13\xa1\x37\x57\x27\xcd\x9f\xe2\xe0\xd4\xad\xb0\x09"
	"\x6f\xdf\x30\x33\x65\x29\x6b\x19\x76\xfe\x13\x5f\xd9\xf6\xf0\x79"
	"\x58\xc0\xb4\x02\xc7\x2d\x35\x16\x1c\xdc\x28\xd3\x8f\x95\xc8\x4b"
	"\x94\x37\x75\x9e\x84\xd2\x68\x3b\xf5\x29\xee\x2a\x2c\x70\x09\xbf"
	"\xb6\x4e\xc5\xcd\xd2\xc5\xab\xcf\xbe\x1c\x19\x5f\x5d\xed\x2f\xb3"
	"\xe2\x7e\x3c\x82\xf3\x58\x77\xd9\xd6\x9d\x27\x3e\xc6\xec\xdb\x8f"
	"\xc6\x10\x0d\x99\xcc\xd9\x9f\xad\xe7\x8f\x78\x1a\x72\xfa\xc4\xc6"
	"\x42\x1d\x05\xb4\xd6\x43\xa8\x9c\x76\x2c\x04\x32\x84\x20\x13\xc5"
	"\x5d\xee\x22\x21\x3a\x72\x29\xca\x44\x86\x81\x89\x7c\xdd\xd6\xf8"
	"\x96\x16\x63\x8f\x02\x45\x80\x85\x6b\xe2\xb2\x39\x5e\x8f\x66\xaf"
	"\x8c\x2b\x93\xec\x23\x71\x83\xdd\xed\x69\x30\x47\x24\xfe\xb7\x3b"
	"\x5d\x43\x28\x7a\x13\xa6\xf3\x9b\x98\x25\x2f\x71\x2d\xdb\xc6\x43"
	"\x2e\xb6\x72\xdc\x06\x99\xb8\x18\x6f\x1b\x93\x79\x68\xec\xd7\x04"
	"\xac\x41\x75\x89\x0c\xa9\xca\xde\xb7\x34\x2c\xec\xf2\xde\x77\x0c"
	"\x24\xe6\x1e\x2d\xef\x3c\x13\x51\xc1\x41\xb6\x20\xf6\xff\xeb\xf6"
	"\xdd\x70\xd0\x7b\x74\x63\xae\xe3\x22\xec\x66\xd2\xb5\x5c\xfc\x3a"
	"\x1f\xcf\xd0\x9d\x9b\xe8\x4d\xbf\xe7\x62\xa2\xb9\x81\x7e\x35\x47"
	"\x4c\x50\x7d\x7e\x3d\xa2\x57\x58\x0c\xdd\x75\xe4\x59\xc8\x4b\x77"
	"\x94\x12\x63\xbf\x47\xbf\x8c\x4b\xdf\xb0\x10\x13\x5f\x08\x5f\x88"
	"\x99\xe3\x80\xcc\xc4\xa2\xa3\xfb\x39\xd3\x92\xf6\xa8\xcc\x42\xac"
	"\xb5\x52\xb2\x71\xb1\x67\x74\x08\x25\x1c\xf8\x9a\xa7\xfb\x52\xb1"
	"\x29\xfb\x5a\x37\x74\xd3\x93\xca\x3d\xaa\xd9\xd2\x1c\x1c\x9d\x3a"
	"\x88\xf7\x37\x47\x50\xb6\x2a\xd8\x12\xb1\xe7\x20\x71\x8c\xb7\x4b"
	"\x47\xd7\xc6\xbd\xd4\x4c\x8b\xd7\xf7\x17\xa6\x38\x4c\x26\x81\x67"
	"\x3a\x82\xc7\x9c\x9f\xf5\x2b\xf7\xe2\xa5\x82\x37\x8f\x32\x26\xb4"
	"\xca\xd7\xed\xdb\x82\x78\xb4\x90\xef\x28\x1f\xc0\xf6\xc7\x28\x2c"
	"\x6e\x73\x7a\x3a\x3c\x75\x8f\xff\xf0\xce\xd7\x5c\x56\x5d\x34\x21"
	"\x9a\x77\xc2\x8b\x60\xb8\x0c\xd3\xbc\x2d\xce\x88\x28\x66\xf0\x94"
	"\xc3\x96\x84\x87\x66\x71\xc0\x56\x04\x5b\x73\xb0\x17\x09\x1b\x0b"
	"\xcb\x08\x22\xf4\xa9\xce\xb6\x0c\x1d\x15\x59\x0e\x2e\xc2\x1e\x38"
	"\x6c\x7b\x6e\x14\xb8\xcc\xc4\x65\x1a\x5a\x33\xc7\xb0\x0a\x74\xaf"
	"\x00\xb9\x87\x16\x14\x8b\x96\x0a\x22\x47\xc7\x45\x68\x59\x24\xcb"
	"\xa4\x89\x3e\xd3\x7a\x1e\x16\xcd\xdc\x31\x4c\x64\x2e\xb3\x95\xc7"
	"\xd6\xd1\x45\xc9\xf6\x90\x7e\x63\x0b\x8f\xe5\x22\x17\x8b\x20\x9b"
	"\x23\x8b\x52\x33\x31\x03\x81\x2d\x03\x0c\xf7\xa7\xcf\xd7\xd7\xaf"
	"\x56\x6d\xef\x06\xfd\xf2\x54\xff\xf7\x67\xfd\xf6\xf8\x75\x79\xd1"
	"\xfc\x17\xbc\x23\x05\x01\xfd\x3d\x8f\xe3\xe1\xa5\x02\x3f\x91\x3d"
	"\x9c\x8f\xa7\xdf\x83\xc3\xc7\xf9\x74\xf8\xe3\x73\x1c\xbc\x91\x04"
	"\xf3\x91\x5d\x6a\x63\x24\xf6\xf3\xe1\xa3\xfe\x2d\x66\x79\xd4\x4f"
	"\xb3\xf8\x78\x7c\x9f\xfd\xc2\x32\xff\x75\xf6\xe7\xe5\xc7\x3f\x7a"
	"\x3f\x3e\xcc\x70\x69\x99\x82\xed\xf7\x9f\xbc\x9b\xa2\xd3\x06\xa4"
	"\x98\x35\x69\x27\x75\x64\xaf\xf2\xe8\x5c\xdd\x17\xd4\xb2\x31\x45"
	"\x71\xa5\x23\xdf\xb5\xaa\xde\xea\xbe\xc8\x24\x9a\x5e\x54\xae\xcc"
	"\xd1\x03\x61\xb3\xb6\xd5\x0f\x2f\xe7\x9f\xbd\xb5\xb4\x4b\x3d\x9d"
	"\x67\xc5\xc3\xb9\x9e\x25\xc7\xb7\xc3\x79\xdc\x44\xcb\xd0\xb2\xb0"
	"\x11\xcf\x65\x16\x36\x78\x4d\x4d\x17\x95\xe2\xf3\xf5\xf0\x74\x38"
	"\x7f\x09\xfb\x23\x31\x4c\x64\xc3\x09\xd6\x25\x62\xfa\xb7\x0e\x40"
	"\x9d\x40\xa8\x07\xcb\x0d\x32\x81\x68\xe4\x62\xaa\x20\x88\x8c\x69"
	"\xc1\x23\x36\xb6\xcf\xe0\xec\xf2\x5a\x3f\x7c\x7c\x9e\xea\xd7\xfa"
	"\xed\x3c\xfb\x64\x2d\x26\x18\x52\x96\x26\x1b\x34\x16\x7a\x7a\x88"
	"\x58\xcf\xa3\xea\x74\x2b\xc6\x56\xc8\xbb\x64\x8f\x2c\x75\x51\xba"
	"\x85\x40\x56\x8e\x66\x4f\xbe\x96\xbf\xed\x93\xe0\x5b\x50\x51\x2c"
	"\x6c\x32\x89\x4d\xa0\x21\x17\xcb\xf2\x80\xce\x31\x0f\x42\x2e\xc4"
	"\xf8\xa5\x17\x6b\x1d\xe3\xdd\x06\x11\xd2\x74\x7e\x62\x1a\x3a\x62"
	"\xd3\x0b\x32\x64\xf5\x65\x22\x13\xd1\x5f\x99\xc8\x71\x90\x43\xc6"
	"\x2a\x37\x48\xce\xc6\x08\xd1\x34\x31\xe9\x20\xb7\x73\xd0\x91\xf5"
	"\xf9\x1b\x25\x4c\x77\x43\xec\x2b\xf3\x42\x43\x3d\xf1\xca\x02\x73"
	"\xa2\x63\xb3\x8d\xcd\x44\xa4\xb9\xb3\xbc\x64\x3d\x21\xfe\x30\x67"
	"\x45\x31\x34\x54\x4c\x23\x5d\xb7\xd0\x43\x91\x69\x22\x8f\x95\xa5"
	"\x4f\x4d\x0b\x79\x69\xe3\x32\xc4\x53\xa2\x33\x13\xe1\x96\x20\x0e"
	"\x6a\x09\x62\xd9\x26\xe6\x38\x6f\xeb\x9e\x21\xbe\xc0\xd9\xfa\x69"
	"\x8c\x36\xd1\x36\x4c\x62\x47\x73\xa7\x93\x3e\x79\x78\x7e\xab\xcf"
	"\xcd\x25\x80\x70\x86\xdc\xa1\x14\xe7\x5c\x84\xa8\x25\x77\xda\x7c"
	"\x8e\xcc\xaa\xf6\x9e\x20\x21\xab\x54\xb2\x12\x5c\x31\xe8\xe1\x9a"
	"\xac\x4c\xcc\x84\x3d\x61\x87\x7a\x7b\x64\x32\x36\xde\x64\x78\xe6"
	"\xf8\x26\xd3\x75\xd5\x3a\xf1\x6d\x76\x5a\xc3\xb9\xe9\x47\x38\xd1"
	"\xfa\x13\xbd\x3d\xbe\x1c\xde\x26\x8d\x3c\xd8\xc7\xdf\x8f\x67\xb6"
	"\xde\x1e\x04\xd7\x31\xec\x94\xe2\x21\x1b\x14\x68\x50\x16\x72\x74"
	"\x05\x2d\x49\x37\x71\xed\x0a\x1b\x63\x65\x1e\xb3\x7d\x4d\x60\xe7"
	"\x7e\xaa\x3f\x60\x5b\x10\x8d\x92\x45\x92\x1b\xc8\xc2\xb5\xce\xb1"
	"\xb2\xe7\xb1\xae\x4b\xee\x56\x1a\x31\xda\xfb\x79\xcc\x7a\x1f\xd1"
	"\x0f\xa9\xed\x20\x83\x0f\x44\x48\xe8\x84\x76\x58\x70\xd2\x2d\x71"
	"\xc3\xd8\x98\x9e\xb0\xce\x0d\xcd\x11\x57\xe3\x47\x4e\xd8\xda\xec"
	"\x88\xb7\xa4\x37\x30\xe5\x12\x4d\x3a\x6a\xce\x87\xf7\x03\x6d\x0f"
	"\x1c\xff\x3e\xbc\x22\xaa\x45\x1c\x05\xa4\x00\x3a\xd4\x10\x33\x45"
	"\xa6\xfb\xb9\x2d\xd0\x57\xca\xfa\xf5\x1d\x94\x5a\xa4\x6b\xd9\x10"
	"\x8b\x92\x8a\x73\x8c\x65\x7e\xb6\xc1\xa2\xdf\x26\xf1\x7e\xae\x39"
	"\xd8\x92\x98\xe4\x58\x9c\xf6\x92\xde\x53\x64\x6d\xe6\x22\x64\xb1"
	"\xcb\x77\x22\xee\x95\xa8\xf8\xfe\x7f\x95\x3d\xd9\x72\x1b\xb7\xb2"
	"\xbf\xa2\xf2\xd3\xbd\x55\x27\x89\xa8\xcd\xf2\x83\x1f\xc0\x19\x0c"
	"\x09\x73\x36\x01\x33\xa4\xa8\x97\x29\x45\x66\x6c\x55\x62\xc9\xa5"
	"\xe5\x26\xf9\xfb\xdb\x0d\x60\x86\xd8\xc9\x53\xe5\x54\x44\x74\x0f"
	"\x76\x34\xba\x1b\xbd\x60\x94\x3a\xfb\x59\x6e\xc1\x32\xaf\x40\xc6"
	"\x64\xa8\xf9\xe7\x99\x5b\xbe\x3e\x37\x22\x5d\x10\xde\x31\x0c\x7a"
	"\x8e\xfa\xf0\xac\xed\xed\xa8\x08\x88\xdd\x11\x8e\x11\x88\x48\x59"
	"\xda\x30\xe8\x38\x74\xc5\xd2\x06\xb7\x98\x97\x36\x66\x72\x03\x5b"
	"\x0e\xaa\x81\x1f\x1d\x6f\xd0\xaa\x2b\x6c\xb6\x13\x08\x68\xd9\x2e"
	"\xb7\x27\xe2\xfd\xf7\x57\xf9\x78\x61\xae\x9a\xce\x74\x80\x21\xc0"
	"\xc2\xf3\xb7\xdc\xa2\x41\xc4\x70\x76\x5d\x57\x32\x28\xd9\x61\xac"
	"\x5e\xcc\xcf\xa2\x8f\x60\xab\xa6\x26\x12\x23\xd9\xa2\xb4\xe0\x88"
	"\x42\xa5\x69\x7e\xc4\xf8\x79\x84\x0b\x11\xc5\xc0\x77\x88\x2c\xf2"
	"\xe6\x52\x65\xbe\xb6\xa2\xdd\xbd\xa0\xdb\x8e\xb4\x14\xfd\xa1\x04"
	"\x03\xdf\x4c\x5b\x3e\x03\xc8\xe7\xae\xfd\x62\x05\x22\x3f\xfa\x06"
	"\x82\xca\xca\xce\x37\xbb\x9b\xb3\x3a\xa7\x1c\xf6\x43\x16\x85\x8d"
	"\x0e\x15\x1f\x7e\x7f\x44\x27\xe6\xff\x7c\xff\x5b\xff\xf1\x7f\x4f"
	"\x5f\xd5\x5f\x86\x4f\xae\x5f\xef\x70\x7e\x36\x67\xe1\xf7\x8f\x00"
	"\xb2\xa0\x65\x11\x09\x70\xb2\xdc\x8c\x88\x05\x6e\xd1\x1b\x4c\x4e"
	"\x2f\x3a\xcf\x2a\x50\xe3\xb8\x26\x91\xba\x58\x23\x49\x97\x6a\x92"
	"\xc9\xd3\x34\xe7\x8c\x5a\x4e\x1b\x25\x9b\xd7\xeb\x9c\x55\xe1\x07"
	"\xb1\x7a\x5d\x05\x03\x2d\x8d\x86\x8a\x1b\x27\xf6\x8a\xe8\xaa\x84"
	"\x23\x47\xe7\x07\xc6\x40\x9b\x3b\xb4\x15\xfe\xe3\xf1\xdb\x3b\xd0"
	"\x41\x34\xc9\x0e\xbc\xb0\x4a\xac\x20\x99\xa2\x34\x20\x03\xde\xff"
	"\xbd\x7b\x1c\xe3\xdf\xf6\xaf\xf7\xdf\x76\x27\xf3\xc7\x6f\xbf\x7c"
	"\xbd\x7f\xbb\x57\xa6\xca\x6f\x8f\x0f\xaf\xc0\x17\x3c\x82\xc0\x25"
	"\x0d\x7c\x85\x97\x03\x45\x0d\x2f\xef\xe7\x84\x79\x73\x1e\x8a\xf6"
	"\xa3\x03\x01\xad\x9b\x32\x0f\x58\x97\x62\x4c\xd8\x81\x64\x37\x3d"
	"\x13\x92\xa6\x85\xef\x31\x85\x8b\x46\x74\x70\x50\xb7\x34\x85\x84"
	"\x56\x8a\x68\x1e\xe9\xdf\x6c\xcf\xd2\x07\x7f\xf7\x0f\xf0\x33\x5f"
	"\xb5\xdf\xbd\x9e\x57\x23\xb2\x81\xb4\xab\xc4\x07\x39\x6a\xe6\x07"
	"\x87\x62\x28\xcb\x68\xab\x73\x4d\x18\xc5\x5f\x48\xbd\x32\xc3\xe4"
	"\x60\xd9\x8a\xf2\x9a\x96\x66\x56\x83\x35\xa3\x1b\xdc\xd3\x98\xd3"
	"\xdc\x0a\xaa\xa3\xad\x66\xab\xa6\x66\x4e\x18\x4a\x3d\x9e\x65\x03"
	"\x97\x7f\x27\x86\x55\xe4\xec\x8c\x1b\xf9\x48\x8c\xb8\xcd\x80\x8d"
	"\xa6\xec\x5d\x52\x88\x40\x0e\x10\x71\xc9\x22\xe9\x69\x6d\xb4\x9b"
	"\x58\x68\xfa\x2f\xf9\xf1\x63\x5c\xb6\x07\xc0\x43\xdd\xac\x09\x26"
	"\xbd\x38\x84\xb7\x8c\x27\x4d\xd8\x23\x89\x6d\x4d\x60\xc5\x63\xc9"
	"\x17\xf6\x88\x8b\xa6\xc9\xd9\xe1\xea\x9a\xb2\x89\xcd\x69\xd1\x64"
	"\xa4\x4c\x4d\xc1\xd4\x97\x14\x12\x06\xb0\xca\x69\x0a\x43\xcd\xcf"
	"\x2a\x85\x82\x01\x1f\x8e\xc3\xc8\x73\x76\x4c\x5b\xcb\x2d\x50\xd6"
	"\x3c\xb9\xbe\xb8\x1a\x29\x04\x35\xc1\x29\x0c\x65\x55\x94\x40\x90"
	"\xc9\x11\x8e\x68\x63\xd1\xcd\x92\x0d\xe9\xa4\x18\x49\x94\xee\xd8"
	"\xc1\x0e\x11\x45\x38\xc6\xbd\x3d\x72\x37\x64\xc9\x41\x55\x02\x78"
	"\xc1\x23\x8e\x96\x71\x02\x87\xf3\xe1\x34\x7e\xad\xed\x71\x02\xb4"
	"\xca\x20\x31\x6e\x2d\x49\x32\x73\x08\xd9\x20\x35\x47\xa2\x4a\xbf"
	"\xc2\xe4\x40\x34\x22\x32\x6f\xce\x60\xdc\xa3\x16\xa9\xc7\xdf\x2f"
	"\x5e\x45\xd6\x56\x89\xf6\x3c\xb4\x98\x51\xe4\xa9\xd5\xdb\xeb\xc0"
	"\xb2\x06\xa8\x89\xdb\x29\x9b\x02\x44\xdb\x31\xcf\xd3\xc1\xb5\x6c"
	"\xf5\x5a\x96\x0d\x30\x6f\x75\xd1\xfc\xd7\x1f\x84\x5c\x4b\x30\xca"
	"\x23\x60\x85\x78\x0c\x05\xf4\x21\x92\x41\x45\xc3\xb8\x30\x5c\xfa"
	"\x89\xb4\x04\x9b\x1e\x11\x4c\xae\x68\x72\x98\xf7\x82\xd3\xe9\xef"
	"\x57\x70\x98\xcc\x60\xac\xfb\x66\x25\xbb\x9a\x2d\xa9\x19\xf7\xaf"
	"\x00\xb6\x12\xaf\xf6\xac\xc2\x7c\x38\x14\x89\xb3\x99\x00\x89\x00"
	"\xdb\x57\x83\x70\x22\xfd\x35\x30\x87\x0d\x46\x31\x9e\x02\xeb\x29"
	"\xee\x5d\xa6\x9e\x8f\x70\x2a\xba\x71\x67\xa4\x32\x3d\xf2\x85\x65"
	"\xdf\xaa\x52\x7d\x7e\x4c\x38\xab\x28\x4d\x91\x37\x2e\x29\x5b\xc3"
	"\x3e\x5a\x6e\xea\x26\xf7\x87\xad\x3e\x33\xc4\x52\x8e\xd9\x79\x1b"
	"\xb9\x9e\x3e\x33\x5e\xd8\xd1\x1e\x37\x58\xc2\x13\xcc\x83\x46\x70"
	"\xd9\x06\x07\x0c\xa7\xd7\x0c\xbd\x49\x25\xf7\x57\x10\x56\xa2\x37"
	"\x50\xb3\x96\x89\xf9\x9a\xb2\xb7\xb9\x36\xf8\x78\x8a\xdc\xbc\x2f"
	"\xc2\x74\x36\x4b\x37\xdb\xd1\x66\xc8\x16\xbc\xe9\x5b\x6f\x93\xee"
	"\x65\x84\x2c\xc7\xfd\xa4\xbc\x75\x03\x3d\x05\xf8\xb0\x47\x30\x58"
	"\x47\x5d\x3e\xe5\x7d\x31\x6b\x1c\x42\x8c\x95\x03\xb6\x86\x0e\x1d"
	"\x2d\xf2\x92\x92\xc9\xd9\xe3\xbb\xda\xd2\x7f\x3d\x3e\xbd\xff\xa3"
	"\x63\xfe\x8f\xc1\xc5\xb4\x2c\x79\xf2\xf3\xfe\xe1\x4f\xe0\xff\xa7"
	"\xe7\x28\xb5\x50\xd2\xf7\xb8\x6b\x50\xb0\x15\xde\x66\x33\x81\x56"
	"\xe3\x59\xdb\x97\x0d\xc9\x81\xb8\x74\x86\x50\xd0\x10\x61\xfa\x7b"
	"\xc9\x9f\x83\x60\x8b\x9a\x60\x44\x74\x3f\xa8\xa3\x46\x80\x43\x86"
	"\x1a\x82\xb2\x13\xe3\x68\x50\x94\x69\x8c\xee\x08\x9a\x61\x05\x92"
	"\x4b\x17\xd6\xda\x76\x77\xee\x44\x63\xb6\x29\x5b\x10\x83\x92\xa1"
	"\xeb\x59\x4c\x68\x42\xd8\x10\x93\x44\x0c\xf8\x40\xf2\x3c\x89\x53"
	"\xb4\x51\x30\xcc\xd7\x50\xb1\x85\xca\x5d\x17\xe1\x12\x04\xba\x91"
	"\x21\xd1\xca\x92\x08\xb3\x28\x06\xcc\x92\x50\xea\x87\x21\xeb\x78"
	"\x19\xef\x4c\x11\xb2\x23\xd4\x90\x81\xcc\x99\x9d\x4c\x09\x9b\xa5"
	"\x99\x14\xb3\x58\xb5\x88\x7c\x89\x1b\xa1\xd8\x0e\x8e\xb6\x09\x21"
	"\x40\xf7\x18\xc7\x8f\xb3\x32\x1a\xca\x0c\xf1\x40\xf8\x5e\x6e\xd4"
	"\x42\x67\x61\x0a\xb0\x61\x05\xb3\xc2\x85\xee\xcb\xc6\xf8\x5c\x86"
	"\x6b\x58\x81\x84\xba\x24\x5b\xb5\xbf\x30\xaa\x65\x9c\x22\x4a\x13"
	"\x47\x92\x29\x3f\x78\x25\x8b\x3f\xbe\xfc\x90\xc6\xfd\xde\xdd\x20"
	"\x35\x31\x22\x83\xe5\xde\x78\x96\xc6\x19\xac\x1f\xf4\xa4\x6b\xe0"
	"\xa6\x8b\x38\xfa\xf1\x6a\x43\x60\x2b\x83\x18\x58\x91\x60\x92\x43"
	"\xf4\xf0\x52\x96\xc9\x59\x66\xc7\xe0\xa5\x02\x36\xa1\xa8\x7c\xbd"
	"\xc1\x23\xba\x92\x4a\xd5\x9b\x19\xc5\x42\x46\x4a\x1d\x36\x98\xc9"
	"\x4e\x99\xf7\x5b\x51\xdb\x6e\xbb\xb3\x21\x62\xf1\x09\xb0\xf3\x70"
	"\xe0\x79\x80\x5c\x58\xd1\x9f\x65\x01\xd2\xe1\xa2\x91\x42\xf4\x99"
	"\xd3\x06\x62\x0f\x18\xd3\x1c\xae\xe8\xac\x8c\xd7\xa8\x4e\x38\xeb"
	"\xb6\x4e\xd5\xb4\xce\xf8\xd6\x11\xc2\xc7\x4f\xa2\xb0\x31\xaa\xe9"
	"\x28\x70\xce\x73\xab\x5b\xf8\x3b\x1a\xcc\x18\x63\x65\xcf\xbd\x18"
	"\xb3\x9c\x32\x41\x39\x86\x70\x0e\xcf\xd8\x97\x38\xe8\x36\x0e\x5a"
	"\x14\x22\xba\x06\x4d\x96\x00\xce\xbb\x44\x5f\x6a\x56\xfa\x9f\x8e"
	"\xa3\x3b\x93\xdf\x19\x3c\x0b\x16\xe0\x01\xf1\x4b\x9b\x75\x2b\xf5"
	"\xc1\x7c\x4d\x73\x07\x04\xff\x6e\x49\xd7\x71\xbf\x78\x5a\x6a\x1f"
	"\x64\xac\xf0\xfe\x38\x20\x4c\xb2\x51\xc9\xfe\xda\x4b\x6d\x7f\xad"
	"\x82\x31\xb2\xfa\x0b\xcd\x5c\xda\x6a\xa2\x7d\x69\x7a\x5e\x03\x6f"
	"\x43\xda\xd6\x52\xf4\x48\x20\xd0\xe5\x1c\x5d\x69\x85\xf0\xfd\xa4"
	"\x25\x82\x13\xbb\x1a\x4b\xc8\x6d\x78\xf7\x98\x33\x60\x9c\x04\xbc"
	"\xf8\x0a\xa1\xe3\x34\x37\x6d\x70\xb0\x0c\xdd\x25\x00\xae\xc8\xd0"
	"\xf4\xec\x51\xe7\x44\xf2\x95\x61\x78\xe4\x20\x14\x42\x51\x64\x23"
	"\x46\x8d\x5b\xc0\x34\xcd\x46\x73\x78\x6b\x74\x44\x01\x02\x5d\xbc"
	"\xe9\x9b\xce\x70\xc2\x90\x3f\x31\x3d\x82\x4c\x14\x22\x43\x9b\x03"
	"\x13\x4c\x4d\x16\x11\x0a\x35\x1a\x90\xbd\xda\x09\x34\xa2\x00\xb1"
	"\xa3\xa8\xa0\x1d\xa7\xd6\x51\xbc\x29\xaa\x6e\x58\xcf\x42\xf8\x12"
	"\x72\xe6\x74\x2f\xeb\x4a\x3b\x74\x4b\xd7\x14\xe2\x22\xb2\xdd\x24"
	"\x25\xb3\xe8\x64\xe6\xa4\xac\x19\x8f\x27\xb0\x1c\x78\xb7\x14\x13"
	"\xcb\x92\xdd\x3f\x7c\xb7\xd3\x2c\x15\x42\xd2\x11\xdf\xd6\x32\xff"
	"\x85\x37\xd5\x6f\xf9\x3a\x97\x94\xdb\x23\xdc\x4c\x34\x9f\xae\xae"
	"\x4e\xad\x13\xf9\xa5\x81\xcb\xd3\xe0\x9c\xee\x00\xc9\xee\x68\x9f"
	"\x17\xce\xa0\xd4\xab\x6e\x23\x7e\x2b\x48\xf7\x1b\x5c\xbc\xc1\xc6"
	"\x0a\xe7\xe8\x57\x02\xbe\xb0\x4a\xd6\x2e\x0a\xfe\x1e\x83\xa0\x66"
	"\x20\x28\xb4\x98\x53\xe0\xe2\xfc\x63\x08\xce\x9a\x6c\x89\x62\x50"
	"\xf7\xf9\xc3\xe3\xeb\xf3\xf5\xf5\xe5\xa7\x5f\x66\x1f\xcc\xad\xb6"
	"\x47\xed\xbb\x22\x6c\xe2\x5a\x77\x1e\xb1\x9b\x8e\x95\xdb\x37\x55"
	"\x92\x33\x81\x2a\x68\xaf\x18\xd9\x01\x8c\x09\xef\x84\xf3\x51\x50"
	"\xa5\xc3\x4d\xa4\x71\x19\x2b\xc1\xb4\x2c\x95\x58\x44\xfb\x93\x9a"
	"\x1b\x1b\xc3\x98\x9d\xf7\xb7\x3f\xae\x3f\xe8\xf7\xa0\xd7\xdd\xfb"
	"\xd7\xe7\x93\x3f\x42\xcb\x25\x65\x2e\x7b\xe1\x65\xd1\xca\xb5\xbe"
	"\xdd\xcb\x82\x32\xc4\xba\x8c\xcb\x50\xf2\xde\x91\xde\x30\x08\x70"
	"\x57\x3a\x85\xd8\xe7\x90\x7e\x5a\x02\xb3\x25\x2b\x73\x4e\x43\x74"
	"\x56\xc2\x7b\x2b\xd5\xb9\x22\xa1\x12\xa0\xf4\xde\x52\x59\x50\x90"
	"\xc0\xeb\xcd\xc4\xa5\x19\xab\x89\x4b\x52\x58\x01\x24\xac\xe0\xac"
	"\x5d\xd5\xda\x53\x21\x0b\xc2\xec\x86\x83\x23\xaf\xaf\x88\xc6\x02"
	"\x04\xc5\x72\x5e\x88\x14\x54\xce\x51\x48\x87\x31\x26\xf0\x5c\xb0"
	"\x05\xf2\xbd\x6a\x32\x4d\x27\xfd\x31\x15\x84\x79\xe4\x60\xb7\xaa"
	"\x94\x40\x5b\xd1\xd1\xca\x1a\x51\xc3\x49\xbd\xa0\xf1\xcb\x9e\xe4"
	"\x09\x58\x11\x87\x51\x79\x63\x84\x4f\x95\x7e\xbf\xb1\xa7\x76\x19"
	"\xaf\x0b\x40\x2a\x2d\x6c\x84\x59\x49\x74\x7f\x9e\xe8\x61\x1c\x04"
	"\xe2\x5d\x04\x92\x71\x52\x45\x40\xe2\xa6\x27\x62\x19\x01\xae\x13"
	"\x5c\x5a\xc5\x6a\xd8\x4e\x31\x36\xad\x4a\xcc\x4b\x1b\x87\xdd\xd4"
	"\xb7\x17\x49\xe8\x55\x1c\xca\x03\x8d\x8e\x47\x10\x53\xbc\x98\xf7"
	"\xaf\xfc\x3d\xdc\x81\x6c\x85\x8a\x87\x31\xc5\xfd\xfe\x48\x2b\x78"
	"\x79\xd7\x4c\xe0\xf0\x3b\xc3\x88\x77\x11\xc4\xb3\xb1\xe0\x97\x68"
	"\xec\x94\x1c\x1a\xd2\x86\xc9\xa6\x86\x72\x52\x79\x3d\xd7\x75\x0d"
	"\x82\xdd\xd1\xcf\xa7\xff\xa0\x59\xd9\xa9\x83\x02\x84\x05\x25\x73"
	"\x8e\xe0\x8f\xd9\xa7\x08\x86\xae\x60\x27\xc1\x86\x26\x56\xac\x63"
	"\xd3\xdc\x47\x6f\x1d\xde\x38\x27\x78\x2c\x71\x25\x8f\xa9\xdc\xe1"
	"\x96\xa7\xf2\x00\xbb\x3c\xc1\x02\x12\xd1\x08\x42\x36\x65\x5d\x01"
	"\x6b\xd8\xda\x93\xa6\x11\x6c\x8e\x38\xf0\x3d\x06\x8d\x23\xb7\xc0"
	"\xdd\x77\x98\x94\xfb\xf3\xa5\x87\x70\x67\xda\xae\x4c\xa5\x19\x9c"
	"\xf2\x4e\xc6\x10\x5f\xa0\xb8\x5e\xb1\xee\xf3\xcc\x38\xb0\xc6\xc7"
	"\x43\xdd\x0c\x1e\xf3\x13\xc6\x54\x52\x6a\x5f\xb3\xb6\x29\x09\x4f"
	"\x4c\xb7\x81\x3d\x57\xc8\x81\x2e\x8e\x59\x65\x0c\x45\xd1\x9e\x8f"
	"\xa0\x1d\x08\xc3\x2b\x93\xd4\x86\x82\xbc\x98\x71\x1d\xe1\xc7\x78"
	"\x59\x5b\x0c\x8c\x01\x1e\x6f\xf9\x01\x6e\x79\xab\x35\x13\xf6\x31"
	"\x62\xea\x65\x23\x45\x6c\x18\x2d\xa4\xeb\x88\xc5\xae\x83\x74\x76"
	"\x0c\xd2\x51\xcd\x1d\xd1\xf1\x58\x42\x09\x07\x69\x76\x0c\xd2\x31"
	"\x1d\x8f\xd8\xab\x3a\x48\x17\xc7\x20\x1d\x33\x05\x11\x9f\x41\x07"
	"\xe9\xd3\x61\xa4\x4f\xb6\x0b\x43\x10\xe5\xf2\x34\xba\x89\x3e\x9d"
	"\x1f\x31\x39\x9f\x2e\x8e\xe8\xc8\xf5\xc7\xf8\xe4\x80\x60\x81\xbb"
	"\x7c\xb8\x3e\x5c\xcd\xec\xec\x98\xcd\x08\x58\xb3\xc8\xb0\x89\xc8"
	"\x18\xb3\x4f\xdb\xd8\xfc\xcc\x9d\x86\x11\x70\x76\xb0\xe7\xe7\x07"
	"\x31\x0e\x8f\xfe\xf2\x20\xc6\xd5\x41\x8c\x8f\x07\x31\x3e\x1d\xc4"
	"\x98\x1d\x1e\xcc\xec\xf0\x68\x66\xf1\xe1\xac\x1a\x76\x3d\xf0\x34"
	"\xb8\x8f\x82\x2b\x92\x21\x3b\x12\xc9\xd9\x3a\x62\x64\xb4\xec\x22"
	"\x86\x7d\x7b\x94\xba\xa3\x3d\x6f\xd2\x48\xbc\x01\x19\xe1\x50\x63"
	"\x5b\xce\xca\xf2\x40\x73\x0b\x42\x0f\xa2\x70\x1a\x49\x7f\x3c\x62"
	"\xb0\x0c\x5f\xed\xf3\x34\x4e\xdd\xc7\x8c\x25\xcc\xe9\x3b\x34\xa8"
	"\xae\xe7\x2b\x27\x98\x98\x81\x81\x92\xb3\x15\xf5\xb8\xac\xa2\x61"
	"\x66\x7b\x52\xb2\x3b\xef\x15\x42\xca\x9d\xab\xdd\xcb\xd3\xee\xaf"
	"\x93\xef\xf7\x0f\x7f\x3e\x3e\x7d\x1b\x9f\x89\x7e\xbe\x3c\x3e\xbd"
	"\xfd\x29\x63\x9c\x7f\xfd\xb1\x7b\xfd\xe6\xc7\xcc\x95\x4a\x1e\x15"
	"\xc6\xc5\x10\x6a\x80\x45\x94\x6c\x42\xb3\x28\xe9\x5a\xca\xd5\xea"
	"\x1a\xbd\x30\xb8\x7f\x7c\x15\xd0\x5f\x4b\xd9\x3c\xec\x8f\xb4\xad"
	"\x09\xc6\xb1\x08\x07\x70\xce\x9e\x7f\xfc\x04\x41\xf9\x97\xb7\xc7"
	"\x1f\xbb\x93\x87\xef\xbb\x87\x3f\x5f\x65\x5f\x1f\x54\xf9\x8b\xdf"
	"\x5d\x25\xc0\xeb\x47\x4b\x23\xea\xc3\x58\x0a\x6c\x51\xde\x67\x34"
	"\x16\x9c\x62\x42\x03\xa1\x27\xb2\xb4\x06\x52\xbe\x21\xbc\x08\x1f"
	"\xd0\x45\x3e\x1f\x44\xc6\x59\xdb\x05\x99\xcc\x5a\xc6\x44\x41\xa5"
	"\x19\xd4\x07\x1c\x77\x46\x3a\x53\x0f\xab\xe1\x15\x70\x64\x83\xfb"
	"\x0e\x0d\x3c\xa1\xfa\xf2\xf3\xd9\xb5\xc5\xed\x02\xbb\xd7\x02\xd1"
	"\x05\x6e\x78\x5b\xc5\x0c\x80\x49\xae\x82\xb1\x88\x48\x02\xcb\x1a"
	"\x98\x4f\x54\xa1\x54\xf3\xa6\x0c\x0a\x01\x32\x2b\xfa\xa6\xb6\x75"
	"\x8a\xfb\xd2\x41\x00\xe7\x18\x8a\x89\xad\xd3\xdd\x5a\x42\x27\xf4"
	"\x86\x72\xad\x21\x4e\x4c\xb5\x50\x9c\x2e\x4a\xd2\x15\x46\x51\x8c"
	"\xbd\x8e\x59\x48\x6a\x6e\x31\xed\x60\x4c\x90\xdf\x80\x08\xaf\x67"
	"\xb3\x6d\xa4\x76\x53\xb8\xb3\xac\xcb\xfd\x9d\x54\x34\x3c\x83\x45"
	"\xa0\x64\x85\x46\xdb\x6e\xfe\xa1\xbd\xe7\x08\x93\x4a\x18\xf9\x6a"
	"\xe6\x17\x4e\x8a\x22\xb5\xda\x20\xbf\xcc\xec\xe9\x9a\xec\x0e\x95"
	"\x0b\xcd\xee\xc7\xf3\xcb\xbf\x27\xf9\xee\xf7\xf7\x6f\xdf\xd4\x11"
	"\x36\xa7\x3f\xc8\x14\xab\x7a\x10\x4e\xca\xb2\x89\x58\x5f\xe3\xd7"
	"\x30\x52\xd1\xa0\x02\x37\xb1\x0e\x12\x91\xd3\x22\x81\xd2\xcc\x51"
	"\x2c\x89\x88\xe8\x65\x3f\x97\x7a\x20\x11\x7b\x17\xd3\xa3\x06\x81"
	"\x4e\xbf\x7d\xdb\xb3\x71\xa0\x7c\xa0\x84\x97\x5b\x69\xc4\x29\xc5"
	"\xc1\xf3\x2b\xf3\x74\x38\xb8\x11\x5b\x64\x07\x6b\x4a\x06\x55\x14"
	"\xfe\xac\xc2\x50\x32\xb4\x24\x77\x74\x45\x0e\xd6\xba\x4a\x00\xb5"
	"\xb5\xa8\x9b\x9c\xd2\x9d\x77\xb5\xc3\x50\x20\x14\xf1\x27\x45\xd8"
	"\xd1\x2b\x22\x88\xb5\xfc\xb2\x20\xa5\xc8\x5a\x65\x8d\x95\xe1\x08"
	"\x7f\xa7\x4e\xe2\x92\xf1\x1b\x5f\x09\x8d\x3b\xf2\x04\x9d\x8e\xdf"
	"\x7f\x2a\xf2\xbc\xbc\x7f\xfa\x66\x7b\x8d\x34\xd9\xaa\x6f\xb5\x3d"
	"\x4c\xc3\xc3\x0f\xc0\x39\xa3\x20\x01\xc2\xd9\x35\x57\x58\xaa\x36"
	"\x97\xd2\xec\x8a\x88\x55\x00\xa2\xec\xdd\x42\x08\x6a\xed\x26\x90"
	"\xbc\xc2\x9a\x1e\xa4\xda\xb3\x49\x85\x80\x77\x14\x5a\x59\x56\x06"
	"\x9a\xcc\xa1\x65\x18\x98\xc7\x50\x54\x00\x5c\x53\x46\xde\x24\xc3"
	"\xbc\xaa\x8f\x30\xd2\x6c\xd3\x0a\xd3\xfd\xc3\x28\x9e\xea\xb4\x80"
	"\x63\xc7\x27\x49\x5e\x00\xc9\xcc\x5d\x75\x84\x2a\x5c\x6e\xf0\x88"
	"\xf5\xc2\x2d\x77\x6f\xc4\xa9\x59\x34\x01\x59\xf2\xa6\xc3\x57\x9e"
	"\x50\xb7\xe5\xe7\xf2\xd8\x5a\xb6\x70\xb2\x52\x75\x04\x68\x9d\x1f"
	"\xa4\xe1\x38\x84\x15\xa5\x6d\x8c\xc2\x8c\xd1\xda\xc2\xd4\x41\x9f"
	"\x03\xe0\xd9\xaa\x76\x32\xa7\xc2\x0d\xb7\xa7\x86\x27\xff\xf3\xaa"
	"\xe3\xf4\xbd\xfe\xe7\xe4\xc7\xfb\xdb\xee\x9f\x1d\xfc\xb1\x7b\x7b"
	"\xf8\xf5\xd7\x5f\xff\xd7\x0e\x58\x85\x75\xc1\xa8\xab\xbe\xa3\xb7"
	"\x91\x44\xed\x7a\xbb\x43\x77\xdd\x0c\xf6\xee\x09\x3e\x58\xc9\x66"
	"\xa3\x90\x80\xfe\x35\x9b\x96\x74\xcb\x04\xae\x7c\x3e\x4c\x50\x6a"
	"\xde\xac\xa7\x37\xc2\x88\xee\x14\x2a\xc0\x59\x8c\x4e\x22\xe9\x1a"
	"\x64\xb7\x44\x09\x8b\xe1\xd3\x34\x5d\x37\x06\x8d\x9b\x5c\x36\x44"
	"\xbc\x25\x38\xca\xd2\xf4\x27\x42\x4d\xe5\xf6\x40\xcb\x0b\xea\xb7"
	"\xb4\x52\x57\x45\xfa\x2a\x80\xff\xd6\x94\xcf\x1b\xd3\xd0\xee\x10"
	"\xa4\x64\xa2\x0b\x5c\x81\x4c\x02\x52\x8b\x9d\xba\xfa\xe4\x93\x29"
	"\x73\xf2\x37\x38\x38\x19\x70\x96\x20\xe7\x30\x52\xfa\xef\x74\x3c"
	"\xeb\xad\x8b\xdb\x59\x52\x04\x07\xaf\x4c\x69\x64\x88\xe0\x91\x15"
	"\x09\x1f\x9e\xc8\x32\xec\xf9\x3e\xac\x80\xf2\x22\x8d\x71\x60\x35"
	"\x11\x05\xaf\x21\x58\xd5\xb2\x9c\x68\xd2\xd5\xa9\x53\x09\x8f\x45"
	"\x5e\x43\x28\xbd\x11\x89\x27\x38\x7d\x60\x6e\x34\x7b\xc5\xe3\x89"
	"\x1d\xf5\x26\x90\x9b\x10\x18\x1f\xb4\xd9\x8c\xc4\xb2\x86\x0e\x2f"
	"\x81\x80\x97\xea\xc2\xee\xe8\xe8\xfe\x16\x31\x71\x57\xcb\x8c\x31"
	"\x31\xa5\x29\x6b\xc2\xec\xc0\x53\xc3\x1a\xcf\x9e\xac\x14\x25\x09"
	"\xfb\x8f\x49\x6b\x46\xc9\x49\xc5\xcf\xb9\xc4\xa9\xc8\x0a\xb9\xad"
	"\x9b\x3e\xb6\x64\x12\x0b\x4d\x9b\xd4\x4a\xc4\x71\x0a\x24\x3f\x11"
	"\xb0\x35\x88\x89\x4b\x0f\x9f\x78\x98\xbd\x3a\xdb\x76\x4d\xc8\xae"
	"\xa9\x6e\x5a\xb5\xf4\xdc\x89\x66\x5d\xf4\xb5\xaa\x3b\x0d\x5d\x70"
	"\xd2\x2e\xc3\x38\xa3\x84\x58\x8c\x94\xc4\xaa\x40\x16\x0e\x55\xd6"
	"\xf4\xb5\x8c\x19\xdf\x98\x0f\xc3\x12\x05\x5f\x41\xe5\x8e\x45\x4c"
	"\x79\x8c\x84\x1b\x71\x5b\x7f\xa8\x6a\x31\x5e\x20\x65\x77\xa4\x32"
	"\xdd\x69\x5b\xb5\x9a\xd9\x99\xc1\xb9\x8c\xd7\x2e\x63\xf1\x19\x92"
	"\x1c\x46\x09\x34\xcc\xcf\xf6\x4f\x85\x1d\x6e\x5c\xb1\x61\x28\xac"
	"\xb8\x03\xf7\xf0\x75\x81\x6f\x64\x59\x78\xf4\xd5\x99\xf1\xc8\x4d"
	"\x22\xaf\x52\xe0\xe6\x54\x07\x23\x01\x50\xf8\x8d\x00\xd6\xf7\x88"
	"\x8a\x52\x28\x8a\x55\x48\x20\x2c\x37\xb0\xb5\x02\x08\xb6\x2c\x3c"
	"\xf2\x73\x0a\xcf\x62\x46\xf4\x26\xd0\x0b\x1d\x62\x20\xf4\x4a\x8a"
	"\x1a\x58\x68\x20\x07\xd6\xab\xb2\x0d\x9a\xb8\x6d\xb1\x09\x1a\xf0"
	"\xcd\x39\xa9\x61\xc1\x80\x6e\x4b\x83\x9d\xba\xb1\x63\x85\x8f\xe5"
	"\xa4\x06\x5a\x82\x32\xbd\xfe\x20\xc2\x22\x4c\xe8\xb0\x3f\x93\x88"
	"\x8a\xd3\x4a\x4c\xe2\xbc\x5c\x49\xcb\x75\x6d\xeb\x18\x7a\xbe\x5e"
	"\xc9\xc8\xc3\x6a\xc1\x0d\xfe\xb6\x2d\xf4\x1e\xb0\x0c\x05\x46\x44"
	"\xe1\xcd\x95\x3c\x42\xc3\x1c\x68\xc1\xb2\x22\x3c\x92\x69\x72\x7f"
	"\x14\xfe\x0b\x4c\x74\x6e\xe9\x40\x4c\x88\xde\x52\x6a\x9d\x69\xdd"
	"\xab\xd7\xb1\xc2\x09\x68\xef\x9c\x15\xd5\x7f\x69\x89\xef\xf8\x4d"
	"\x1b\x3b\x52\xd8\x20\xbd\x95\x1c\xc9\xdc\xc9\x47\xaf\x6d\x49\x70"
	"\x4c\x81\x80\x97\xfc\xfd\x49\xaa\xab\xba\xdd\xeb\x9b\x73\xdb\x97"
	"\xab\x3c\xe2\x35\x2a\x7d\x6c\x90\x43\x19\x04\x1c\xef\x70\x5c\x1a"
	"\xb9\x2a\x62\x00\x91\x8e\x75\xdb\x44\xb0\xe0\x91\xe9\x92\x1c\x5c"
	"\xe2\xca\x9f\xa3\xf1\x55\x22\x87\x06\xf2\x1b\x6b\x74\x3c\x49\xa2"
	"\x29\xa7\xf5\x38\x5c\x31\x9c\x57\x17\x41\x17\x60\x7b\xfc\x4b\x7a"
	"\x9b\xf7\x55\x1b\x47\x40\x15\x57\x8d\x8a\xa3\xb2\x8d\xf1\x62\x12"
	"\x6f\x05\x88\x5d\x24\xd8\xb2\x44\x90\x6a\xc9\x22\x0e\x9f\xb3\xae"
	"\x22\x89\x8e\xf4\x3d\xcb\xe3\x50\x0e\xa2\xf5\x52\x46\x3d\x4e\x8c"
	"\x95\x04\x15\xbe\x98\x5d\x0d\x99\xef\x51\xb6\x73\x36\xc8\x2a\xb1"
	"\x7b\xd0\xd0\x0f\xee\x95\x76\x9b\x18\x56\x9b\x18\xf3\x68\xbc\x9c"
	"\x68\x21\xae\xc6\xad\x68\x95\x5e\x5b\xed\x06\xb0\xa2\x91\x18\xf2"
	"\x82\x60\xec\xe0\x03\xfa\x8d\x45\x6e\xa4\xe7\xd0\xbf\xf6\xe7\x03"
	"\x55\xae\x9e\xc0\x62\x02\x57\xd6\xe7\x50\x10\x57\xc0\x21\x14\xef"
	"\x68\x56\xf7\x52\x29\x41\x60\x47\x35\xed\x92\x65\x9f\x4f\x3d\x25"
	"\x4a\x3f\x87\x23\xa9\x8e\x25\xbb\xa3\x3a\x4c\x83\x61\x39\xae\x75"
	"\x8d\x23\x62\xdd\x0c\x75\x5f\x86\x19\x50\x89\x91\x52\xd8\x00\x89"
	"\x47\x7b\x07\x26\x24\xfb\xb8\xa1\xb9\xed\x92\xce\x59\xd6\x69\x9c"
	"\x58\x4c\x6c\x38\x89\x6d\x17\x3d\x66\xad\x4c\xd9\x33\xb2\x27\x2c"
	"\xe7\x89\x6a\xe0\xbe\xca\xe1\x6c\xdf\x21\x71\xb8\x95\x4a\x32\x41"
	"\xe3\x82\x27\x86\x9e\xa8\x9a\xbc\x87\xdb\x8e\x37\xf5\xad\x2f\xa2"
	"\x91\x92\x2d\x6a\x80\xa1\x0b\x79\x24\x66\x3f\xa7\xc2\x4d\x08\xaf"
	"\x02\x4a\xee\x1e\xde\x5f\x30\x60\x89\xf7\x1c\x80\xfb\xcd\xb4\x38"
	"\xdb\x0a\x69\xe2\x42\x2c\x16\x00\x89\x09\x90\x5e\x64\xd4\x00\x03"
	"\x49\x4c\xc4\x9e\x49\x57\x11\x36\x7b\x50\x66\xba\x70\xb1\x44\x51"
	"\x00\x30\xe4\xcb\xa1\x81\xf6\xe4\x1b\x4d\x2c\x22\x90\xb2\x0c\x01"
	"\x5a\x40\x85\x0c\xda\x21\x97\x35\x24\x5f\x8f\x98\x52\xb6\xd3\xd7"
	"\xdd\x88\x6f\x28\x80\x02\xa6\xd9\x63\x59\xd8\x44\x6c\xac\x57\xdb"
	"\x54\x84\x3e\x9c\xec\x2d\x6e\x0b\x5e\xa5\xc7\xe1\x2a\x3d\xc6\xcb"
	"\x50\x54\x18\x65\xb8\x45\x13\x2c\x65\xe2\x73\x7e\xf6\xf1\xea\xda"
	"\x3a\xf6\x4b\xc2\x31\x44\x40\x2e\x89\x1b\xd2\x36\x25\x35\x91\xae"
	"\x71\xa5\x04\x7d\x42\x1c\x74\x13\xc9\x07\xed\x39\x50\xaf\x19\x94"
	"\xd0\x40\xfa\xae\x53\xb3\xe3\xf9\xff\xbb\x90\xbd\xee\xf0\x18\x1c"
	"\x5f\x9f\xe8\xe1\xe6\x4c\xb8\xb7\x4a\x14\x15\x9f\xe5\x9a\x36\xd1"
	"\x30\x59\x67\xc3\xa8\xd7\x8b\xe1\x48\xb5\x1e\x08\xa1\x68\x63\xaa"
	"\xfb\x77\xea\xf9\x0d\xea\x06\x6d\x23\xfa\x7d\x55\x15\x89\x68\xd0"
	"\x26\x14\xe0\x10\x9a\x6d\x93\xc6\x21\x2d\x4c\x52\x15\x89\x4f\x3b"
	"\x61\xa1\xd7\x5a\xcb\xea\x34\xd2\x96\xd8\xe9\x44\x03\xe6\xac\xca"
	"\x69\x01\xfd\x9a\x1c\xa7\x52\xc5\xfa\x9d\x88\xae\x35\xbc\xe9\x36"
	"\x23\x47\x08\xc5\x96\xfb\xd2\xbe\x18\x33\xce\x4e\x97\xba\x59\xe1"
	"\xcb\x33\xf6\xe2\xe1\xfe\xe9\x49\x86\x0a\xdd\x7f\x2b\x9d\xaa\x40"
	"\xa0\xb1\x3d\x1d\xa7\x52\xab\x42\x83\x63\x5b\xb8\x27\x7d\x2a\xdc"
	"\xbb\xea\x85\x42\x1a\x4d\x58\xe8\x81\x6a\x51\x47\x16\x49\xbe\x4a"
	"\xd7\xbe\xaf\x92\x78\x7b\x7e\xc1\x20\x24\x53\xf2\x14\xf6\xf4\xd7"
	"\xe3\xd3\xee\x84\x3e\x3d\xbc\xfc\xfb\xd3\xf1\x78\x65\xd4\xf6\x44"
	"\xa3\x09\xd5\x10\x42\xd1\xea\x0c\x49\x6c\x14\x41\x66\x7c\xf3\x71"
	"\xac\xf5\x53\xaf\xe0\xd8\xbf\x9d\x15\x50\x75\xf4\x09\x1e\x57\x0c"
	"\xc5\xad\xe9\x82\x4b\x39\x3f\x87\xbf\xc0\xbb\xb8\x89\x28\x69\x43"
	"\x1f\xd6\xb7\x47\xa0\x8e\xd7\x67\xa8\x5b\xce\x07\x44\x94\x5c\x4d"
	"\xa7\xf3\xe6\xaa\xdf\x4b\x58\x4e\xa3\xaf\xc4\xb0\xcd\xd4\x5b\x9d"
	"\xe6\x68\x92\xfe\xf9\x4d\x8f\xc2\x79\x81\x22\x82\x3a\x34\xba\xd1"
	"\x64\x74\x02\x49\x6e\x8f\xfb\xd6\x71\xd7\x01\x5c\x29\x25\xa9\x39"
	"\x30\x46\xe8\xbc\xfa\x04\x88\xb4\xc1\x6e\x38\x38\x4e\x18\xdf\x08"
	"\xda\xe7\x0f\xaf\x3b\xe9\x80\x3b\x19\x08\xca\x9d\x36\xb9\x9d\x67"
	"\xb8\xc3\xd1\xbf\x1b\xb6\xfd\xf3\xcb\xc9\xf7\xdd\x5f\x3f\xcd\x23"
	"\xad\x90\xe1\xfe\x5a\x58\x19\x59\xac\xe2\x33\xbf\x9c\x92\x3c\x58"
	"\xe8\xa3\xce\xcb\x55\xc6\xda\xa5\xa9\x46\x72\x21\xfe\x47\x28\x86"
	"\x04\x0b\x7d\x54\x6e\xe9\xaf\xa6\xb2\x20\xe2\x64\x0f\xe2\x75\x3d"
	"\xda\x13\x12\xeb\xfd\xaa\x6d\x03\x6d\x08\x2b\x11\x8c\x2e\xcd\x23"
	"\x09\xf9\x14\x94\x66\x79\x88\x0f\xd1\xd0\x8a\xd4\x64\x11\x68\x5e"
	"\x97\x9f\x05\x9a\x43\x6e\xe1\x60\x85\xe3\xa5\xad\x44\x13\xaf\xfa"
	"\x45\x31\x3b\xbb\xae\xfa\xd2\x03\xa0\x8c\x10\x2c\x0c\xf5\xa4\xf5"
	"\x88\x9e\x0d\x47\x4e\xed\xa6\xa7\x3d\xf5\x6a\x94\xff\xcb\x03\x55"
	"\x56\x0a\x12\xaf\x93\xf4\xdd\x92\xda\xae\x36\x1a\x12\x79\x40\x18"
	"\xbf\x43\x55\x95\x12\xe1\xf7\x91\x11\xde\xbe\x63\x54\xca\x87\xfb"
	"\xb7\xdd\x57\xe3\xb2\x38\xf9\xfb\xf1\xed\xfb\x09\x79\x7d\x7d\x7e"
	"\x78\x94\xa0\xfc\xfe\xed\xde\x4a\x71\xa8\x07\x91\x55\xf1\xf6\x16"
	"\x59\x15\xe8\x63\xb6\x24\xf0\xef\xec\xb4\x6d\xca\xed\xec\xfc\xf4"
	"\x32\xfe\xbd\xa0\x37\x6c\xed\xcd\x1b\x85\xaf\x59\x2d\x01\x2a\x61"
	"\x8f\x0c\xdc\xfd\xe3\xf9\xab\x99\x6a\x7e\x6c\x6b\x9e\xf9\xf3\xde"
	"\xf1\x40\x99\x08\xb4\x33\x0f\xf4\xbe\xe4\x9b\xd4\x4e\x6f\xa1\xc5"
	"\xf8\x80\x6e\x6d\xa5\xde\x78\xcc\xe8\xd6\xcd\x25\xa4\xf3\xa0\xbd"
	"\x7e\x9f\xc6\xe5\xcd\x62\x45\x12\x0d\x2d\x01\xea\x0d\xe8\x56\xcd"
	"\x86\x5b\xd3\x3a\x98\x17\xfe\xf1\xdb\xee\xf5\xcd\x9f\x4f\x9e\x9d"
	"\x9f\x05\xa6\x14\x8b\x43\x4b\xcd\xb3\x6e\x76\x9a\xb3\x22\xb1\x47"
	"\x34\x1d\xf4\x26\x32\xb0\x3b\xbc\x83\x92\x5f\x24\x88\x40\x7e\x19"
	"\x3a\x5b\x0c\x76\x0f\x5e\xe8\x11\x2b\xc5\x91\xc8\x55\xf9\x2c\x92"
	"\xe3\xd9\xc0\x88\x98\x67\xef\x31\xce\x2e\xaf\x0e\x60\x9c\x9f\x9d"
	"\x26\xf6\xff\x92\xcc\xbc\xb9\x86\x42\xa8\x36\x54\x7c\x39\x0b\xad"
	"\x01\x00\xce\x53\x9d\xe8\x16\x3c\x96\xea\x7c\x24\x61\xed\xe5\xcc"
	"\x8f\x16\x9b\x3d\xfe\xfc\x6e\xe7\xdd\x1b\xaf\xc8\xd0\x1e\x27\x75"
	"\x3f\x67\x22\x41\x9a\x78\x76\x11\xf8\x6c\x5e\x36\x9b\x78\xb6\x57"
	"\xbd\xc9\x48\x45\xcb\x92\x91\x34\x8e\xe8\x2e\x0f\x21\x5c\xc5\xbb"
	"\x97\x07\x07\x55\xc4\x99\xe2\xf1\x68\x2f\xc9\x1d\xc9\x53\x18\x82"
	"\x94\x82\x9c\x25\x37\xd2\x48\x30\x93\xd5\x50\x9a\x6e\x86\xf2\x36"
	"\x16\x24\x62\x44\x69\x63\x86\x24\xd3\xe5\x42\xe2\x33\xd4\x6d\x1a"
	"\x5c\x28\x6f\x5f\xea\xf2\x7d\x78\x96\xc9\xba\x14\xa3\x0d\x5b\x62"
	"\xc9\x34\xd7\x45\x69\x45\x07\x1a\x29\xef\x5d\x13\x58\x83\xeb\x8b"
	"\xb3\x78\xa7\xca\xbb\xd0\xa6\x82\xd2\x65\x20\x73\xdc\xfd\xd3\xd7"
	"\xe7\x1f\x27\xf5\xfb\x8f\xdf\x77\x2f\x63\x1e\x08\x27\xf7\xc3\xb4"
	"\x99\x05\x1b\xb2\x96\x07\xad\x76\xc6\x51\xf0\x39\xea\x66\xeb\xde"
	"\x1b\x87\x84\x68\x02\xed\xb1\x51\x12\x46\xd2\x1b\x5e\x22\x65\x1d"
	"\x4f\x37\xee\xb5\xfb\x85\x75\x1d\xe5\x14\xdf\xe0\x6d\x1d\x8c\xc1"
	"\x53\x49\x0d\xf8\xa1\xf6\x27\x44\xa1\x19\xc7\xa3\x90\x79\x44\x26"
	"\x73\xf1\x90\xc5\x4e\x5c\x6c\xd0\x37\xcf\xa2\x6a\x84\x6d\x42\xfa"
	"\x5b\x10\xb6\x2a\xf4\xc7\x92\x1a\xf0\xa1\xdb\xb6\x66\xe8\xa8\x3d"
	"\xb0\x05\x89\x48\xe3\x88\x7e\x6e\xa3\xdd\x5e\x9e\x7e\x1a\x32\xca"
	"\xd1\x44\x01\xcd\x85\x55\x04\x2a\x33\x62\xd3\x2a\x13\x1f\x27\xd3"
	"\xec\x09\xaa\xb6\x0e\xe6\x5c\xf8\x43\x32\x58\xaf\x27\x7f\x60\x08"
	"\xda\xc7\x6f\x4f\x2a\x18\xb3\x34\xab\x76\x1e\xaa\x94\x03\xd5\xd0"
	"\x71\x74\x09\xcb\x47\xad\x68\x50\x31\x8d\x9a\xe0\x49\x10\xf2\x6f"
	"\x8e\x11\x83\x06\xaf\x10\x13\xea\x4e\xa4\xbc\x93\x27\x84\x04\xd1"
	"\xa6\x22\x55\x8d\x09\x4e\x33\x8a\x16\xe6\xbc\x5c\x25\x2b\xab\x29"
	"\x86\x98\x2d\x93\xa4\x4a\x32\x24\x0a\xff\x20\xc9\x93\x15\x26\x04"
	"\x7a\x37\x04\xa9\xa5\x18\x70\xf4\x40\x73\x56\x13\xbe\xd5\x8f\x5c"
	"\x93\xb9\xdc\xe3\xef\x2f\xf7\x2f\xff\x9e\xbc\x3c\xbf\xbf\x3d\x3e"
	"\x99\x5c\xea\x9c\x75\x9c\x62\x86\x70\x1a\xd2\xa9\x86\xa0\x4a\x7d"
	"\x4d\x8c\xfe\x8c\x81\xa0\x45\xc7\xeb\xac\xdd\x82\xa0\xde\x54\x63"
	"\xe8\x89\x00\x4a\x09\xe2\x7f\x18\x5a\x53\x8c\x15\xc0\x4c\x37\xbd"
	"\x29\xc8\x74\x86\xa1\x7c\x2a\xd2\xfa\x20\x3b\x77\x2e\xf4\x1a\x7d"
	"\x28\xb3\xaa\xbd\xcd\x96\xca\x54\x8d\x53\x33\x11\x2f\xcf\x60\x27"
	"\x00\x21\xb2\x8a\x66\x57\xf6\x82\x67\x83\xcf\x35\x5a\x60\xd6\xf5"
	"\x43\x58\xce\xf1\xf8\x50\xdc\x07\x89\x10\xc8\x1a\xa1\xc4\x70\x77"
	"\xdb\xeb\xc0\xa7\x0a\x12\xdb\x45\x12\x85\xf0\x0d\x10\x85\x04\x46"
	"\x2c\x5a\x33\x40\x43\xd1\xe4\x4a\x36\x9f\xf8\x6c\x13\xf7\x3a\x12"
	"\xdc\xaf\x1b\x17\xc3\x58\x09\x59\x2c\xd7\x43\x3d\xba\xc4\x50\x3c"
	"\xa8\x11\x05\x1b\xf5\x3c\xe9\xd9\x93\xfe\xcf\x40\x8d\xed\xfb\x5a"
	"\x96\x7a\xb7\xb8\xe9\x0b\x6d\x97\xe6\x34\x54\x7e\x31\x84\x4b\x2d"
	"\xec\x7d\x34\xa0\x3b\x04\x84\x03\x05\x49\xd0\x30\xcf\xbe\x04\x55"
	"\x4d\x63\x6d\xc3\xc2\x72\xce\x1d\xf7\x77\xe0\xd5\x83\x53\x34\xc0"
	"\x55\x31\x68\xc3\xa5\xf8\x24\x75\x1d\x01\x41\x8b\xd7\x66\x50\x35"
	"\x90\x09\x29\x2e\x54\xa8\x6c\x58\x55\x6d\xb0\x7c\x5e\x05\x8b\x0b"
	"\x33\x6a\x34\x11\xa2\xc9\x18\xd0\x0b\x49\x4f\x38\xb1\x9e\x64\xd0"
	"\x57\xd9\x8a\xe6\x2d\x9f\x38\x2b\x23\x06\x0d\x9a\x16\x70\xeb\xc8"
	"\xe7\x37\xa5\xe9\x53\x68\xbb\x5e\x67\xe5\xdd\xd0\x11\x5b\x62\x6e"
	"\x78\x1e\x11\xb3\xf2\xc8\xf3\x26\x9a\x45\x81\xe4\x17\x0a\x68\x55"
	"\xb5\x0c\xf6\x95\xb1\x17\xd8\xbc\xc8\xcd\x98\x77\x2c\x87\x89\x5e"
	"\x30\x20\x72\xc6\x48\x8b\xa6\xee\x02\xa6\x5b\x58\x7a\xfd\xcf\xec"
	"\xca\x29\xc2\x20\x36\xb0\xdd\x55\xe4\xc8\xfd\x95\xbc\xf0\x7d\x92"
	"\xf6\xa0\xb6\x69\x4a\x87\x04\xe2\x5c\x02\x44\xea\x29\x8c\x27\x1e"
	"\x54\x37\xe7\xb4\x6d\xcc\x07\x42\x65\xee\xb0\x2f\xd8\xcc\x11\xfa"
	"\xff\x29\x81\x68\xab\x1a\xfc\x01\x00"
MAGIC_END;
